<?xml version="1.0" encoding="iso-8859-1"?>
<!-- File generated by Morpheus883's xml generator -->
<satellites>
	<sat name="Astra 4A SES 5 (4.8E)" flags="1" position="48">
		<transponder frequency="11265000" symbol_rate="30000000" polarization="0" fec_inner="3" system="1" modulation="2" onid="86" tsid="34"/>
		<transponder frequency="11265000" symbol_rate="30000000" polarization="1" fec_inner="3" system="1" modulation="2" onid="86" tsid="33"/>
		<transponder frequency="11305000" symbol_rate="30000000" polarization="0" fec_inner="3" system="1" modulation="2" onid="86" tsid="35"/>
		<transponder frequency="11305000" symbol_rate="30000000" polarization="1" fec_inner="3" system="1" modulation="2" onid="86" tsid="32"/>
		<transponder frequency="11345000" symbol_rate="30000000" polarization="0" fec_inner="3" system="1" modulation="2" onid="86" tsid="36"/>
		<transponder frequency="11345000" symbol_rate="30000000" polarization="1" fec_inner="3" system="1" modulation="2" onid="86" tsid="25"/>
		<transponder frequency="11385000" symbol_rate="30000000" polarization="0" fec_inner="3" system="1" modulation="2" onid="86" tsid="37"/>
		<transponder frequency="11385000" symbol_rate="30000000" polarization="1" fec_inner="3" system="1" modulation="2" onid="86" tsid="31"/>
		<transponder frequency="11727000" symbol_rate="27500000" polarization="0" fec_inner="3" system="0" modulation="1" onid="1" tsid="201"/>
		<transponder frequency="11747000" symbol_rate="30000000" polarization="1" fec_inner="3" system="1" modulation="2" onid="85" tsid="43"/>
		<transponder frequency="11766000" symbol_rate="30000000" polarization="0" fec_inner="2" system="1" modulation="2" onid="85" tsid="12"/>
		<transponder frequency="11785000" symbol_rate="27500000" polarization="1" fec_inner="4" system="1" modulation="2" onid="85" tsid="201"/>
		<transponder frequency="11823000" symbol_rate="27500000" polarization="1" fec_inner="3" system="1" modulation="2" onid="86" tsid="27"/>
		<transponder frequency="11881000" symbol_rate="28000000" polarization="0" fec_inner="3" system="1" modulation="2" onid="86" tsid="7"/>
		<transponder frequency="11919000" symbol_rate="28000000" polarization="0" fec_inner="3" system="1" modulation="2" onid="86" tsid="24"/>
		<transponder frequency="11938000" symbol_rate="27500000" polarization="1" fec_inner="4" system="0" modulation="1" onid="85" tsid="203"/>
		<transponder frequency="11958000" symbol_rate="27500000" polarization="0" fec_inner="4" system="1" modulation="2" onid="85" tsid="202"/>
		<transponder frequency="11996000" symbol_rate="27500000" polarization="0" fec_inner="3" system="0" modulation="1" onid="86" tsid="6"/>
		<transponder frequency="12015000" symbol_rate="27500000" polarization="1" fec_inner="3" system="1" modulation="2" onid="86" tsid="28"/>
		<transponder frequency="12054000" symbol_rate="27500000" polarization="1" fec_inner="3" system="0" modulation="1" onid="86" tsid="3"/>
		<transponder frequency="12073000" symbol_rate="27500000" polarization="0" fec_inner="3" system="0" modulation="1" onid="85" tsid="15"/>
		<transponder frequency="12092000" symbol_rate="30000000" polarization="1" fec_inner="2" system="1" modulation="2" onid="68" tsid="26"/>
		<transponder frequency="12130000" symbol_rate="27500000" polarization="1" fec_inner="3" system="0" modulation="1" onid="85" tsid="16"/>
		<transponder frequency="12207000" symbol_rate="30000000" polarization="1" fec_inner="2" system="1" modulation="2" onid="68" tsid="24"/>
		<transponder frequency="12245000" symbol_rate="30000000" polarization="1" fec_inner="2" system="1" modulation="2" onid="85" tsid="53"/>
		<transponder frequency="12284000" symbol_rate="27500000" polarization="1" fec_inner="3" system="0" modulation="1" onid="85" tsid="17"/>
		<transponder frequency="12303000" symbol_rate="25547000" polarization="0" fec_inner="5" system="0" modulation="1" onid="85" tsid="18"/>
		<transponder frequency="12322000" symbol_rate="27500000" polarization="1" fec_inner="4" system="1" modulation="2" onid="94" tsid="1"/>
		<transponder frequency="12360000" symbol_rate="27500000" polarization="1" fec_inner="4" system="1" modulation="2" onid="94" tsid="1"/>
		<transponder frequency="12380000" symbol_rate="27500000" polarization="0" fec_inner="3" system="0" modulation="1" onid="85" tsid="2"/>
		<transponder frequency="12418000" symbol_rate="27500000" polarization="0" fec_inner="3" system="0" modulation="1" onid="1" tsid="101"/>
		<transponder frequency="12437000" symbol_rate="30000000" polarization="1" fec_inner="2" system="1" modulation="2" onid="85" tsid="46"/>
		<transponder frequency="12456000" symbol_rate="27000000" polarization="0" fec_inner="1" system="1" modulation="1" onid="0" tsid="1089"/>
		<transponder frequency="12689000" symbol_rate="7200000" polarization="1" fec_inner="3" system="1" modulation="2" onid="65535" tsid="1"/>
		<transponder frequency="12734000" symbol_rate="3600000" polarization="0" fec_inner="2" system="1" modulation="2" onid="1" tsid="1"/>
	</sat>
	<sat name="Hot Bird 13B/13C/13E (13.0E)" flags="1" position="130">
		<transponder frequency="10719000" symbol_rate="27500000" polarization="1" fec_inner="3" system="1" modulation="2" onid="318" tsid="11000"/>
		<transponder frequency="10727000" symbol_rate="30000000" polarization="0" fec_inner="3" system="1" modulation="2" onid="318" tsid="11100"/>
		<transponder frequency="10758000" symbol_rate="27500000" polarization="1" fec_inner="3" system="1" modulation="2" onid="318" tsid="11200"/>
		<transponder frequency="10775000" symbol_rate="29900000" polarization="0" fec_inner="7" system="1" modulation="2" onid="318" tsid="11300"/>
		<transponder frequency="10796000" symbol_rate="27500000" polarization="1" fec_inner="3" system="1" modulation="2" onid="318" tsid="11400"/>
		<transponder frequency="10815000" symbol_rate="27500000" polarization="0" fec_inner="4" system="0" modulation="1" onid="318" tsid="11500"/>
		<transponder frequency="10834000" symbol_rate="27500000" polarization="1" fec_inner="3" system="1" modulation="2" onid="318" tsid="11600"/>
		<transponder frequency="10873000" symbol_rate="27500000" polarization="1" fec_inner="3" system="1" modulation="2" onid="176" tsid="11800"/>
		<transponder frequency="10892000" symbol_rate="27500000" polarization="0" fec_inner="3" system="1" modulation="2" onid="318" tsid="11900"/>
		<transponder frequency="10911000" symbol_rate="27500000" polarization="1" fec_inner="3" system="1" modulation="2" onid="318" tsid="12000"/>
		<transponder frequency="10930000" symbol_rate="30000000" polarization="0" fec_inner="2" system="1" modulation="2" onid="318" tsid="12100"/>
		<transponder frequency="10949000" symbol_rate="29900000" polarization="1" fec_inner="7" system="1" modulation="2" onid="85" tsid="95"/>
		<transponder frequency="10971000" symbol_rate="29700000" polarization="0" fec_inner="2" system="1" modulation="2" onid="318" tsid="12300"/>
		<transponder frequency="10992000" symbol_rate="27500000" polarization="1" fec_inner="2" system="0" modulation="1" onid="318" tsid="12400"/>
		<transponder frequency="11013000" symbol_rate="29900000" polarization="0" fec_inner="3" system="1" modulation="2" onid="318" tsid="12500"/>
		<transponder frequency="11034000" symbol_rate="27500000" polarization="1" fec_inner="3" system="0" modulation="1" onid="318" tsid="12600"/>
		<transponder frequency="11054000" symbol_rate="27500000" polarization="0" fec_inner="4" system="0" modulation="1" onid="318" tsid="12700"/>
		<transponder frequency="11075000" symbol_rate="30000000" polarization="1" fec_inner="3" system="1" modulation="2" onid="318" tsid="12800"/>
		<transponder frequency="11096000" symbol_rate="30000000" polarization="0" fec_inner="3" system="1" modulation="2" onid="318" tsid="12900"/>
		<transponder frequency="11117000" symbol_rate="27500000" polarization="1" fec_inner="3" system="1" modulation="2" onid="318" tsid="13000"/>
		<transponder frequency="11137000" symbol_rate="27500000" polarization="0" fec_inner="3" system="0" modulation="1" onid="318" tsid="13100"/>
		<transponder frequency="11158000" symbol_rate="27500000" polarization="1" fec_inner="3" system="1" modulation="2" onid="113" tsid="13200"/>
		<transponder frequency="11179000" symbol_rate="27500000" polarization="0" fec_inner="3" system="1" modulation="2" onid="318" tsid="13300"/>
		<transponder frequency="11219000" symbol_rate="29900000" polarization="0" fec_inner="7" system="1" modulation="2" onid="85" tsid="94"/>
		<transponder frequency="11240000" symbol_rate="27500000" polarization="1" fec_inner="3" system="0" modulation="1" onid="318" tsid="200"/>
		<transponder frequency="11258000" symbol_rate="27500000" polarization="0" fec_inner="3" system="1" modulation="2" onid="318" tsid="300"/>
		<transponder frequency="11278000" symbol_rate="27500000" polarization="1" fec_inner="3" system="1" modulation="2" onid="318" tsid="400"/>
		<transponder frequency="11296000" symbol_rate="27500000" polarization="0" fec_inner="4" system="0" modulation="1" onid="318" tsid="500"/>
		<transponder frequency="11334000" symbol_rate="27500000" polarization="0" fec_inner="3" system="0" modulation="1" onid="318" tsid="700"/>
		<transponder frequency="11373000" symbol_rate="27500000" polarization="0" fec_inner="3" system="1" modulation="2" onid="318" tsid="900"/>
		<transponder frequency="11393000" symbol_rate="27500000" polarization="1" fec_inner="3" system="1" modulation="2" onid="318" tsid="1000"/>
		<transponder frequency="11411000" symbol_rate="27500000" polarization="0" fec_inner="3" system="1" modulation="2" onid="318" tsid="1100"/>
		<transponder frequency="11432000" symbol_rate="29900000" polarization="1" fec_inner="3" system="1" modulation="2" onid="272" tsid="1200"/>
		<transponder frequency="11449000" symbol_rate="27500000" polarization="0" fec_inner="3" system="1" modulation="2" onid="318" tsid="1300"/>
		<transponder frequency="11488000" symbol_rate="27500000" polarization="0" fec_inner="3" system="1" modulation="2" onid="318" tsid="1500"/>
		<transponder frequency="11508000" symbol_rate="27500000" polarization="1" fec_inner="3" system="1" modulation="2" onid="318" tsid="1600"/>
		<transponder frequency="11526000" symbol_rate="29700000" polarization="0" fec_inner="2" system="1" modulation="2" onid="318" tsid="1700"/>
		<transponder frequency="11541000" symbol_rate="22000000" polarization="1" fec_inner="4" system="0" modulation="1" onid="200" tsid="1800"/>
		<transponder frequency="11566000" symbol_rate="29900000" polarization="0" fec_inner="3" system="1" modulation="2" onid="318" tsid="15300"/>
		<transponder frequency="11585000" symbol_rate="27500000" polarization="1" fec_inner="3" system="1" modulation="2" onid="318" tsid="15400"/>
		<transponder frequency="11585000" symbol_rate="27500000" polarization="1" fec_inner="4" system="1" modulation="2" onid="318" tsid="15400"/>
		<transponder frequency="11642000" symbol_rate="27500000" polarization="0" fec_inner="3" system="1" modulation="2" onid="318" tsid="15700"/>
		<transponder frequency="11662000" symbol_rate="27500000" polarization="1" fec_inner="3" system="1" modulation="2" onid="318" tsid="15800"/>
		<transponder frequency="11681000" symbol_rate="27500000" polarization="0" fec_inner="3" system="1" modulation="2" onid="319" tsid="15900"/>
		<transponder frequency="11727000" symbol_rate="29900000" polarization="1" fec_inner="3" system="1" modulation="2" onid="318" tsid="5000"/>
		<transponder frequency="11747000" symbol_rate="27500000" polarization="0" fec_inner="3" system="1" modulation="2" onid="318" tsid="5103"/>
		<transponder frequency="11766000" symbol_rate="29900000" polarization="1" fec_inner="3" system="1" modulation="2" onid="318" tsid="5200"/>
		<transponder frequency="11785000" symbol_rate="29900000" polarization="0" fec_inner="4" system="1" modulation="1" onid="64511" tsid="5300"/>
		<transponder frequency="11804000" symbol_rate="29700000" polarization="1" fec_inner="3" system="1" modulation="2" onid="318" tsid="5400"/>
		<transponder frequency="11823000" symbol_rate="27500000" polarization="0" fec_inner="3" system="1" modulation="2" onid="318" tsid="5500"/>
		<transponder frequency="11843000" symbol_rate="29900000" polarization="1" fec_inner="4" system="1" modulation="1" onid="64511" tsid="5600"/>
		<transponder frequency="11862000" symbol_rate="29900000" polarization="0" fec_inner="4" system="1" modulation="1" onid="64511" tsid="5700"/>
		<transponder frequency="11881000" symbol_rate="27500000" polarization="1" fec_inner="3" system="0" modulation="1" onid="64511" tsid="5800"/>
		<transponder frequency="11900000" symbol_rate="29900000" polarization="0" fec_inner="4" system="1" modulation="1" onid="64511" tsid="5900"/>
		<transponder frequency="11919000" symbol_rate="29900000" polarization="1" fec_inner="4" system="0" modulation="1" onid="272" tsid="6000"/>
		<transponder frequency="11938000" symbol_rate="27500000" polarization="0" fec_inner="3" system="1" modulation="2" onid="318" tsid="6100"/>
		<transponder frequency="11958000" symbol_rate="27500000" polarization="1" fec_inner="3" system="0" modulation="1" onid="64511" tsid="6200"/>
		<transponder frequency="11977000" symbol_rate="29900000" polarization="0" fec_inner="4" system="1" modulation="1" onid="64511" tsid="6300"/>
		<transponder frequency="11996000" symbol_rate="29900000" polarization="1" fec_inner="4" system="1" modulation="1" onid="64511" tsid="6400"/>
		<transponder frequency="12015000" symbol_rate="27500000" polarization="0" fec_inner="3" system="1" modulation="2" onid="318" tsid="6500"/>
		<transponder frequency="12034000" symbol_rate="29900000" polarization="1" fec_inner="4" system="1" modulation="1" onid="64511" tsid="6600"/>
		<transponder frequency="12054000" symbol_rate="29900000" polarization="0" fec_inner="4" system="1" modulation="1" onid="64511" tsid="6700"/>
		<transponder frequency="12092000" symbol_rate="29900000" polarization="0" fec_inner="3" system="1" modulation="2" onid="64511" tsid="6900"/>
		<transponder frequency="12111000" symbol_rate="27500000" polarization="1" fec_inner="3" system="0" modulation="1" onid="318" tsid="7000"/>
		<transponder frequency="12130000" symbol_rate="27500000" polarization="0" fec_inner="3" system="1" modulation="2" onid="318" tsid="7100"/>
		<transponder frequency="12149000" symbol_rate="27500000" polarization="1" fec_inner="3" system="0" modulation="1" onid="318" tsid="7200"/>
		<transponder frequency="12169000" symbol_rate="27500000" polarization="0" fec_inner="3" system="1" modulation="2" onid="318" tsid="7300"/>
		<transponder frequency="12188000" symbol_rate="27500000" polarization="1" fec_inner="3" system="1" modulation="2" onid="113" tsid="7400"/>
		<transponder frequency="12206000" symbol_rate="29900000" polarization="0" fec_inner="4" system="1" modulation="1" onid="64511" tsid="7500"/>
		<transponder frequency="12226000" symbol_rate="27500000" polarization="1" fec_inner="3" system="0" modulation="1" onid="1" tsid="101"/>
		<transponder frequency="12245000" symbol_rate="29900000" polarization="0" fec_inner="4" system="1" modulation="1" onid="64511" tsid="7700"/>
		<transponder frequency="12265000" symbol_rate="27500000" polarization="1" fec_inner="3" system="1" modulation="2" onid="113" tsid="7800"/>
		<transponder frequency="12284000" symbol_rate="27500000" polarization="0" fec_inner="3" system="1" modulation="2" onid="113" tsid="7900"/>
		<transponder frequency="12303000" symbol_rate="27500000" polarization="1" fec_inner="3" system="1" modulation="2" onid="318" tsid="8000"/>
		<transponder frequency="12322000" symbol_rate="27500000" polarization="0" fec_inner="3" system="0" modulation="1" onid="318" tsid="8100"/>
		<transponder frequency="12341000" symbol_rate="29900000" polarization="1" fec_inner="4" system="1" modulation="1" onid="64511" tsid="8200"/>
		<transponder frequency="12360000" symbol_rate="29900000" polarization="0" fec_inner="4" system="1" modulation="1" onid="64511" tsid="8300"/>
		<transponder frequency="12399000" symbol_rate="29700000" polarization="0" fec_inner="2" system="1" modulation="2" onid="318" tsid="8500"/>
		<transponder frequency="12418000" symbol_rate="29900000" polarization="1" fec_inner="4" system="1" modulation="1" onid="64511" tsid="8600"/>
		<transponder frequency="12466000" symbol_rate="29900000" polarization="1" fec_inner="4" system="1" modulation="1" onid="64511" tsid="8800"/>
		<transponder frequency="12476000" symbol_rate="29900000" polarization="0" fec_inner="3" system="1" modulation="2" onid="318" tsid="8900"/>
		<transponder frequency="12520000" symbol_rate="27500000" polarization="1" fec_inner="4" system="1" modulation="1" onid="318" tsid="9000"/>
		<transponder frequency="12539000" symbol_rate="30000000" polarization="0" fec_inner="4" system="1" modulation="2" onid="318" tsid="9100"/>
		<transponder frequency="12558000" symbol_rate="27500000" polarization="1" fec_inner="4" system="1" modulation="2" onid="318" tsid="9200"/>
		<transponder frequency="12577000" symbol_rate="27500000" polarization="0" fec_inner="3" system="1" modulation="2" onid="318" tsid="9300"/>
		<transponder frequency="12597000" symbol_rate="27500000" polarization="1" fec_inner="3" system="0" modulation="1" onid="318" tsid="9400"/>
		<transponder frequency="12662000" symbol_rate="9705000" polarization="1" fec_inner="3" system="1" modulation="2" onid="235" tsid="17185"/>
		<transponder frequency="12692000" symbol_rate="27500000" polarization="0" fec_inner="3" system="1" modulation="2" onid="319" tsid="9900"/>
	</sat>
</satellites>
