<?xml version="1.0" encoding="iso-8859-1"?>
<!-- File generated by Morpheus883's xml generator -->
<satellites>
	<sat name="Hot Bird 13 F/G (13.0E)" flags="1" position="130">
		<transponder frequency="10719000" symbol_rate="27500000" polarization="1" fec_inner="3" system="1" modulation="2" onid="318" tsid="11000"/>
		<transponder frequency="10727000" symbol_rate="30000000" polarization="0" fec_inner="3" system="1" modulation="2" onid="318" tsid="11100"/>
		<transponder frequency="10758000" symbol_rate="27500000" polarization="1" fec_inner="3" system="1" modulation="2" onid="318" tsid="11200"/>
		<transponder frequency="10775000" symbol_rate="29900000" polarization="0" fec_inner="2" system="1" modulation="2" onid="318" tsid="11300"/>
		<transponder frequency="10796000" symbol_rate="27500000" polarization="1" fec_inner="3" system="1" modulation="2" onid="318" tsid="11400"/>
		<transponder frequency="10802000" symbol_rate="7200000" polarization="0" fec_inner="3" system="1" modulation="2" onid="8" tsid="1"/>
		<transponder frequency="10810000" symbol_rate="7200000" polarization="0" fec_inner="3" system="1" modulation="2" onid="0" tsid="160"/>
		<transponder frequency="10828000" symbol_rate="7200000" polarization="0" fec_inner="3" system="1" modulation="2" onid="0" tsid="0"/>
		<transponder frequency="10829000" symbol_rate="7200000" polarization="1" fec_inner="3" system="1" modulation="2" onid="65280" tsid="1"/>
		<transponder frequency="10839000" symbol_rate="7200000" polarization="1" fec_inner="3" system="1" modulation="2" onid="111" tsid="0"/>
		<transponder frequency="10848000" symbol_rate="7200000" polarization="1" fec_inner="3" system="1" modulation="2" onid="65535" tsid="1"/>
		<transponder frequency="10873000" symbol_rate="27500000" polarization="1" fec_inner="3" system="1" modulation="2" onid="176" tsid="11800"/>
		<transponder frequency="10892000" symbol_rate="27500000" polarization="0" fec_inner="3" system="1" modulation="2" onid="319" tsid="11900"/>
		<transponder frequency="10911000" symbol_rate="27500000" polarization="1" fec_inner="3" system="1" modulation="2" onid="318" tsid="12000"/>
		<transponder frequency="10930000" symbol_rate="30000000" polarization="0" fec_inner="2" system="1" modulation="2" onid="318" tsid="12100"/>
		<transponder frequency="10949000" symbol_rate="27500000" polarization="1" fec_inner="2" system="1" modulation="2" onid="318" tsid="12200"/>
		<transponder frequency="10971000" symbol_rate="29700000" polarization="0" fec_inner="2" system="1" modulation="2" onid="318" tsid="12300"/>
		<transponder frequency="10992000" symbol_rate="27500000" polarization="1" fec_inner="2" system="0" modulation="1" onid="318" tsid="12400"/>
		<transponder frequency="11013000" symbol_rate="29900000" polarization="0" fec_inner="3" system="1" modulation="2" onid="318" tsid="12500"/>
		<transponder frequency="11034000" symbol_rate="27500000" polarization="1" fec_inner="3" system="0" modulation="1" onid="318" tsid="12600"/>
		<transponder frequency="11075000" symbol_rate="30000000" polarization="1" fec_inner="3" system="1" modulation="2" onid="318" tsid="12800"/>
		<transponder frequency="11096000" symbol_rate="30000000" polarization="0" fec_inner="2" system="1" modulation="2" onid="318" tsid="12900"/>
		<transponder frequency="11117000" symbol_rate="27500000" polarization="1" fec_inner="3" system="1" modulation="2" onid="318" tsid="13000"/>
		<transponder frequency="11137000" symbol_rate="27500000" polarization="0" fec_inner="3" system="0" modulation="1" onid="318" tsid="13100"/>
		<transponder frequency="11158000" symbol_rate="27500000" polarization="1" fec_inner="3" system="1" modulation="2" onid="113" tsid="13200"/>
		<transponder frequency="11179000" symbol_rate="27500000" polarization="0" fec_inner="2" system="1" modulation="2" onid="318" tsid="13300"/>
		<transponder frequency="11190000" symbol_rate="14400000" polarization="1" fec_inner="7" system="1" modulation="2" onid="65535" tsid="19"/>
		<transponder frequency="11193000" symbol_rate="7200000" polarization="1" fec_inner="3" system="1" modulation="2" onid="1" tsid="1"/>
		<transponder frequency="11203000" symbol_rate="7200000" polarization="1" fec_inner="3" system="1" modulation="2" onid="65535" tsid="1"/>
		<transponder frequency="11209000" symbol_rate="7200000" polarization="1" fec_inner="3" system="1" modulation="2" onid="1" tsid="1"/>
		<transponder frequency="11211000" symbol_rate="9600000" polarization="1" fec_inner="3" system="1" modulation="2" onid="1" tsid="1"/>
		<transponder frequency="11240000" symbol_rate="27500000" polarization="1" fec_inner="4" system="1" modulation="2" onid="318" tsid="200"/>
		<transponder frequency="11258000" symbol_rate="27500000" polarization="0" fec_inner="3" system="1" modulation="2" onid="318" tsid="300"/>
		<transponder frequency="11278000" symbol_rate="27500000" polarization="1" fec_inner="4" system="1" modulation="2" onid="318" tsid="400"/>
		<transponder frequency="11296000" symbol_rate="27500000" polarization="0" fec_inner="4" system="0" modulation="1" onid="252" tsid="500"/>
		<transponder frequency="11334000" symbol_rate="27500000" polarization="0" fec_inner="3" system="1" modulation="2" onid="318" tsid="700"/>
		<transponder frequency="11355000" symbol_rate="27500000" polarization="1" fec_inner="3" system="1" modulation="2" onid="1" tsid="3079"/>
		<transponder frequency="11373000" symbol_rate="27500000" polarization="0" fec_inner="3" system="1" modulation="2" onid="318" tsid="900"/>
		<transponder frequency="11393000" symbol_rate="27500000" polarization="1" fec_inner="3" system="1" modulation="2" onid="318" tsid="1000"/>
		<transponder frequency="11411000" symbol_rate="27500000" polarization="0" fec_inner="4" system="1" modulation="2" onid="318" tsid="1100"/>
		<transponder frequency="11432000" symbol_rate="29900000" polarization="1" fec_inner="3" system="1" modulation="2" onid="272" tsid="1200"/>
		<transponder frequency="11449000" symbol_rate="27500000" polarization="0" fec_inner="4" system="1" modulation="2" onid="318" tsid="1300"/>
		<transponder frequency="11470000" symbol_rate="33000000" polarization="1" fec_inner="2" system="1" modulation="2" onid="1" tsid="1002"/>
		<transponder frequency="11488000" symbol_rate="27500000" polarization="0" fec_inner="4" system="1" modulation="2" onid="318" tsid="1500"/>
		<transponder frequency="11508000" symbol_rate="27500000" polarization="1" fec_inner="3" system="1" modulation="2" onid="318" tsid="1600"/>
		<transponder frequency="11526000" symbol_rate="33000000" polarization="0" fec_inner="2" system="1" modulation="2" onid="2" tsid="2003"/>
		<transponder frequency="11566000" symbol_rate="29900000" polarization="0" fec_inner="3" system="1" modulation="2" onid="318" tsid="15300"/>
		<transponder frequency="11585000" symbol_rate="27500000" polarization="1" fec_inner="4" system="1" modulation="2" onid="318" tsid="15400"/>
		<transponder frequency="11615000" symbol_rate="14400000" polarization="1" fec_inner="3" system="1" modulation="2" onid="65535" tsid="21"/>
		<transponder frequency="11642000" symbol_rate="27500000" polarization="0" fec_inner="3" system="1" modulation="2" onid="318" tsid="15700"/>
		<transponder frequency="11662000" symbol_rate="27500000" polarization="1" fec_inner="3" system="1" modulation="2" onid="318" tsid="15800"/>
		<transponder frequency="11681000" symbol_rate="27500000" polarization="0" fec_inner="3" system="1" modulation="2" onid="319" tsid="15900"/>
		<transponder frequency="11727000" symbol_rate="29900000" polarization="1" fec_inner="3" system="1" modulation="2" onid="318" tsid="5000"/>
		<transponder frequency="11747000" symbol_rate="27500000" polarization="0" fec_inner="3" system="1" modulation="2" onid="318" tsid="5103"/>
		<transponder frequency="11766000" symbol_rate="29900000" polarization="1" fec_inner="3" system="1" modulation="2" onid="318" tsid="5200"/>
		<transponder frequency="11785000" symbol_rate="27500000" polarization="0" fec_inner="3" system="1" modulation="2" onid="318" tsid="5300"/>
		<transponder frequency="11804000" symbol_rate="30000000" polarization="1" fec_inner="4" system="1" modulation="2" onid="318" tsid="5400"/>
		<transponder frequency="11823000" symbol_rate="27500000" polarization="0" fec_inner="3" system="1" modulation="2" onid="318" tsid="5500"/>
		<transponder frequency="11843000" symbol_rate="29900000" polarization="1" fec_inner="3" system="1" modulation="2" onid="64511" tsid="5600"/>
		<transponder frequency="11862000" symbol_rate="29900000" polarization="0" fec_inner="4" system="1" modulation="1" onid="64511" tsid="5700"/>
		<transponder frequency="11881000" symbol_rate="27500000" polarization="1" fec_inner="3" system="0" modulation="1" onid="64511" tsid="5800"/>
		<transponder frequency="11900000" symbol_rate="27500000" polarization="0" fec_inner="3" system="1" modulation="2" onid="319" tsid="5900"/>
		<transponder frequency="11919000" symbol_rate="29900000" polarization="1" fec_inner="3" system="1" modulation="2" onid="190" tsid="6000"/>
		<transponder frequency="11938000" symbol_rate="30000000" polarization="0" fec_inner="4" system="1" modulation="2" onid="318" tsid="6100"/>
		<transponder frequency="11958000" symbol_rate="27500000" polarization="1" fec_inner="3" system="0" modulation="1" onid="64511" tsid="6200"/>
		<transponder frequency="11977000" symbol_rate="29900000" polarization="0" fec_inner="3" system="1" modulation="2" onid="64511" tsid="6300"/>
		<transponder frequency="11996000" symbol_rate="29900000" polarization="1" fec_inner="4" system="1" modulation="1" onid="64511" tsid="6400"/>
		<transponder frequency="12015000" symbol_rate="27500000" polarization="0" fec_inner="3" system="1" modulation="2" onid="318" tsid="6500"/>
		<transponder frequency="12034000" symbol_rate="29900000" polarization="1" fec_inner="3" system="1" modulation="2" onid="64511" tsid="6600"/>
		<transponder frequency="12054000" symbol_rate="29900000" polarization="0" fec_inner="4" system="1" modulation="1" onid="64511" tsid="6700"/>
		<transponder frequency="12073000" symbol_rate="29900000" polarization="1" fec_inner="3" system="1" modulation="2" onid="64511" tsid="6800"/>
		<transponder frequency="12111000" symbol_rate="27500000" polarization="1" fec_inner="3" system="0" modulation="1" onid="318" tsid="7000"/>
		<transponder frequency="12130000" symbol_rate="30000000" polarization="0" fec_inner="4" system="1" modulation="2" onid="318" tsid="7100"/>
		<transponder frequency="12149000" symbol_rate="27500000" polarization="1" fec_inner="3" system="0" modulation="1" onid="318" tsid="7200"/>
		<transponder frequency="12169000" symbol_rate="30000000" polarization="0" fec_inner="4" system="1" modulation="2" onid="318" tsid="7300"/>
		<transponder frequency="12188000" symbol_rate="27500000" polarization="1" fec_inner="3" system="1" modulation="2" onid="113" tsid="7400"/>
		<transponder frequency="12207000" symbol_rate="29900000" polarization="0" fec_inner="4" system="1" modulation="1" onid="318" tsid="7500"/>
		<transponder frequency="12226000" symbol_rate="27500000" polarization="1" fec_inner="3" system="0" modulation="1" onid="318" tsid="7600"/>
		<transponder frequency="12265000" symbol_rate="27500000" polarization="1" fec_inner="3" system="1" modulation="2" onid="113" tsid="7800"/>
		<transponder frequency="12284000" symbol_rate="27500000" polarization="0" fec_inner="3" system="1" modulation="2" onid="113" tsid="7900"/>
		<transponder frequency="12303000" symbol_rate="27500000" polarization="1" fec_inner="3" system="1" modulation="2" onid="318" tsid="8000"/>
		<transponder frequency="12322000" symbol_rate="27500000" polarization="0" fec_inner="3" system="0" modulation="1" onid="318" tsid="8100"/>
		<transponder frequency="12341000" symbol_rate="29900000" polarization="1" fec_inner="4" system="1" modulation="1" onid="64511" tsid="8200"/>
		<transponder frequency="12360000" symbol_rate="27500000" polarization="0" fec_inner="3" system="1" modulation="2" onid="318" tsid="8300"/>
		<transponder frequency="12380000" symbol_rate="30000000" polarization="1" fec_inner="4" system="1" modulation="2" onid="318" tsid="8400"/>
		<transponder frequency="12399000" symbol_rate="29700000" polarization="0" fec_inner="2" system="1" modulation="2" onid="318" tsid="8500"/>
		<transponder frequency="12418000" symbol_rate="29900000" polarization="1" fec_inner="3" system="1" modulation="2" onid="64511" tsid="8600"/>
		<transponder frequency="12466000" symbol_rate="29900000" polarization="1" fec_inner="3" system="1" modulation="2" onid="64511" tsid="8800"/>
		<transponder frequency="12476000" symbol_rate="29900000" polarization="0" fec_inner="3" system="1" modulation="2" onid="318" tsid="8900"/>
		<transponder frequency="12520000" symbol_rate="27500000" polarization="1" fec_inner="2" system="1" modulation="2" onid="318" tsid="9000"/>
		<transponder frequency="12558000" symbol_rate="27500000" polarization="1" fec_inner="4" system="1" modulation="2" onid="318" tsid="9200"/>
		<transponder frequency="12577000" symbol_rate="27500000" polarization="0" fec_inner="3" system="1" modulation="2" onid="318" tsid="9300"/>
		<transponder frequency="12583000" symbol_rate="9600000" polarization="1" fec_inner="3" system="1" modulation="2" onid="1" tsid="1"/>
		<transponder frequency="12584000" symbol_rate="9800000" polarization="1" fec_inner="3" system="1" modulation="2" onid="65535" tsid="1"/>
		<transponder frequency="12592000" symbol_rate="21600000" polarization="1" fec_inner="3" system="1" modulation="2" onid="65535" tsid="18"/>
		<transponder frequency="12596000" symbol_rate="9800000" polarization="1" fec_inner="3" system="1" modulation="2" onid="65535" tsid="1"/>
		<transponder frequency="12600000" symbol_rate="7200000" polarization="1" fec_inner="3" system="1" modulation="2" onid="1" tsid="1"/>
		<transponder frequency="12604000" symbol_rate="14240000" polarization="1" fec_inner="3" system="1" modulation="2" onid="200" tsid="1"/>
		<transponder frequency="12608000" symbol_rate="9800000" polarization="1" fec_inner="3" system="1" modulation="2" onid="65535" tsid="1"/>
		<transponder frequency="12616000" symbol_rate="30000000" polarization="0" fec_inner="4" system="1" modulation="2" onid="213" tsid="9500"/>
		<transponder frequency="12635000" symbol_rate="30000000" polarization="1" fec_inner="4" system="1" modulation="2" onid="213" tsid="9600"/>
		<transponder frequency="12654000" symbol_rate="30000000" polarization="0" fec_inner="4" system="1" modulation="2" onid="213" tsid="9700"/>
		<transponder frequency="12673000" symbol_rate="30000000" polarization="1" fec_inner="4" system="1" modulation="2" onid="213" tsid="9800"/>
		<transponder frequency="12692000" symbol_rate="27500000" polarization="0" fec_inner="3" system="1" modulation="2" onid="319" tsid="9900"/>
		<transponder frequency="12713000" symbol_rate="30000000" polarization="1" fec_inner="4" system="1" modulation="2" onid="213" tsid="10000"/>
		<transponder frequency="12731000" symbol_rate="30000000" polarization="0" fec_inner="4" system="1" modulation="2" onid="318" tsid="10100"/>
	</sat>
	<sat name="Turksat 3A/4A/5B/6A (42.0E)" flags="1" position="420">
		<transponder frequency="10953000" symbol_rate="3333000" polarization="0" fec_inner="4" system="1" modulation="2" onid="65535" tsid="1"/>
		<transponder frequency="10953000" symbol_rate="1808000" polarization="1" fec_inner="3" system="0" modulation="1" onid="0" tsid="17998"/>
		<transponder frequency="10958000" symbol_rate="6250000" polarization="1" fec_inner="4" system="1" modulation="2" onid="65535" tsid="1"/>
		<transponder frequency="10960000" symbol_rate="3333000" polarization="0" fec_inner="3" system="1" modulation="2" onid="65535" tsid="1"/>
		<transponder frequency="10968000" symbol_rate="7916000" polarization="1" fec_inner="4" system="1" modulation="2" onid="65280" tsid="0"/>
		<transponder frequency="10974000" symbol_rate="2960000" polarization="0" fec_inner="4" system="1" modulation="2" onid="65535" tsid="1"/>
		<transponder frequency="10980000" symbol_rate="7500000" polarization="1" fec_inner="3" system="1" modulation="2" onid="0" tsid="0"/>
		<transponder frequency="10983000" symbol_rate="4100000" polarization="1" fec_inner="3" system="1" modulation="2" onid="65535" tsid="1"/>
		<transponder frequency="10984000" symbol_rate="5000000" polarization="0" fec_inner="4" system="1" modulation="2" onid="65535" tsid="1"/>
		<transponder frequency="10989000" symbol_rate="2962000" polarization="1" fec_inner="4" system="1" modulation="2" onid="65535" tsid="1"/>
		<transponder frequency="11000000" symbol_rate="7500000" polarization="1" fec_inner="3" system="1" modulation="2" onid="1" tsid="0"/>
		<transponder frequency="11004000" symbol_rate="7500000" polarization="1" fec_inner="3" system="1" modulation="2" onid="0" tsid="0"/>
		<transponder frequency="11010000" symbol_rate="7500000" polarization="1" fec_inner="3" system="1" modulation="2" onid="2" tsid="0"/>
		<transponder frequency="11013000" symbol_rate="2500000" polarization="1" fec_inner="4" system="1" modulation="2" onid="0" tsid="0"/>
		<transponder frequency="11016000" symbol_rate="7500000" polarization="1" fec_inner="3" system="1" modulation="2" onid="2" tsid="0"/>
		<transponder frequency="11020000" symbol_rate="7500000" polarization="1" fec_inner="3" system="1" modulation="2" onid="65535" tsid="1"/>
		<transponder frequency="11027000" symbol_rate="7500000" polarization="1" fec_inner="3" system="1" modulation="2" onid="0" tsid="0"/>
		<transponder frequency="11030000" symbol_rate="7500000" polarization="1" fec_inner="3" system="1" modulation="2" onid="2" tsid="0"/>
		<transponder frequency="11053000" symbol_rate="8000000" polarization="0" fec_inner="3" system="0" modulation="1" onid="1070" tsid="32201"/>
		<transponder frequency="11054000" symbol_rate="30000000" polarization="1" fec_inner="3" system="1" modulation="2" onid="1070" tsid="31001"/>
		<transponder frequency="11071000" symbol_rate="2500000" polarization="0" fec_inner="3" system="1" modulation="2" onid="65535" tsid="1"/>
		<transponder frequency="11083000" symbol_rate="7500000" polarization="1" fec_inner="3" system="1" modulation="2" onid="1" tsid="0"/>
		<transponder frequency="11088000" symbol_rate="10000000" polarization="1" fec_inner="3" system="1" modulation="2" onid="65535" tsid="1"/>
		<transponder frequency="11093000" symbol_rate="4444000" polarization="1" fec_inner="4" system="1" modulation="2" onid="1" tsid="0"/>
		<transponder frequency="11096000" symbol_rate="30000000" polarization="0" fec_inner="4" system="0" modulation="1" onid="42" tsid="61"/>
		<transponder frequency="11097000" symbol_rate="7500000" polarization="1" fec_inner="3" system="1" modulation="2" onid="0" tsid="0"/>
		<transponder frequency="11103000" symbol_rate="7500000" polarization="1" fec_inner="3" system="1" modulation="2" onid="65535" tsid="1"/>
		<transponder frequency="11108000" symbol_rate="7500000" polarization="1" fec_inner="3" system="1" modulation="2" onid="65535" tsid="1"/>
		<transponder frequency="11112000" symbol_rate="2222000" polarization="1" fec_inner="4" system="1" modulation="2" onid="65535" tsid="1"/>
		<transponder frequency="11112000" symbol_rate="7500000" polarization="1" fec_inner="3" system="1" modulation="2" onid="0" tsid="0"/>
		<transponder frequency="11128000" symbol_rate="400000" polarization="1" fec_inner="4" system="0" modulation="1" onid="0" tsid="1"/>
		<transponder frequency="11129000" symbol_rate="400000" polarization="1" fec_inner="4" system="0" modulation="1" onid="33" tsid="1"/>
		<transponder frequency="11131000" symbol_rate="420000" polarization="1" fec_inner="4" system="0" modulation="1" onid="61" tsid="1"/>
		<transponder frequency="11133000" symbol_rate="1800000" polarization="1" fec_inner="3" system="0" modulation="1" onid="42" tsid="1"/>
		<transponder frequency="11155000" symbol_rate="5000000" polarization="0" fec_inner="4" system="1" modulation="2" onid="1" tsid="1"/>
		<transponder frequency="11180000" symbol_rate="29750000" polarization="0" fec_inner="4" system="0" modulation="1" onid="42" tsid="50600"/>
		<transponder frequency="11265000" symbol_rate="30000000" polarization="1" fec_inner="3" system="1" modulation="2" onid="42" tsid="30901"/>
		<transponder frequency="11305000" symbol_rate="30000000" polarization="1" fec_inner="3" system="1" modulation="2" onid="42" tsid="43305"/>
		<transponder frequency="11345000" symbol_rate="29750000" polarization="1" fec_inner="4" system="0" modulation="1" onid="42" tsid="50600"/>
		<transponder frequency="11425000" symbol_rate="30000000" polarization="1" fec_inner="2" system="1" modulation="2" onid="1070" tsid="50901"/>
		<transponder frequency="11461000" symbol_rate="6800000" polarization="1" fec_inner="3" system="0" modulation="1" onid="65535" tsid="20"/>
		<transponder frequency="11469000" symbol_rate="6800000" polarization="1" fec_inner="3" system="1" modulation="2" onid="65535" tsid="20"/>
		<transponder frequency="11472000" symbol_rate="6800000" polarization="1" fec_inner="3" system="1" modulation="2" onid="0" tsid="0"/>
		<transponder frequency="11475000" symbol_rate="3200000" polarization="1" fec_inner="5" system="1" modulation="2" onid="65535" tsid="20"/>
		<transponder frequency="11478000" symbol_rate="6800000" polarization="1" fec_inner="3" system="1" modulation="2" onid="65535" tsid="1"/>
		<transponder frequency="11480000" symbol_rate="3200000" polarization="1" fec_inner="3" system="1" modulation="2" onid="65535" tsid="20"/>
		<transponder frequency="11486000" symbol_rate="6800000" polarization="1" fec_inner="3" system="1" modulation="2" onid="0" tsid="0"/>
		<transponder frequency="11488000" symbol_rate="6800000" polarization="1" fec_inner="3" system="1" modulation="2" onid="235" tsid="1"/>
		<transponder frequency="11496000" symbol_rate="4100000" polarization="1" fec_inner="4" system="1" modulation="2" onid="65535" tsid="1"/>
		<transponder frequency="11506000" symbol_rate="2222000" polarization="1" fec_inner="4" system="0" modulation="1" onid="65535" tsid="1"/>
		<transponder frequency="11516000" symbol_rate="7500000" polarization="1" fec_inner="3" system="1" modulation="2" onid="65535" tsid="20"/>
		<transponder frequency="11519000" symbol_rate="3333000" polarization="1" fec_inner="4" system="1" modulation="2" onid="1" tsid="1"/>
		<transponder frequency="11558000" symbol_rate="30000000" polarization="1" fec_inner="2" system="0" modulation="1" onid="1070" tsid="30601"/>
		<transponder frequency="11580000" symbol_rate="3333000" polarization="1" fec_inner="2" system="1" modulation="2" onid="0" tsid="0"/>
		<transponder frequency="11591000" symbol_rate="3333000" polarization="1" fec_inner="3" system="1" modulation="2" onid="65535" tsid="1"/>
		<transponder frequency="11597000" symbol_rate="6200000" polarization="1" fec_inner="3" system="1" modulation="2" onid="0" tsid="0"/>
		<transponder frequency="11600000" symbol_rate="6200000" polarization="1" fec_inner="3" system="1" modulation="2" onid="65535" tsid="20"/>
		<transponder frequency="11606000" symbol_rate="6200000" polarization="1" fec_inner="3" system="1" modulation="2" onid="0" tsid="0"/>
		<transponder frequency="11620000" symbol_rate="2222000" polarization="0" fec_inner="4" system="0" modulation="1" onid="65535" tsid="1"/>
		<transponder frequency="11627000" symbol_rate="2222000" polarization="1" fec_inner="4" system="0" modulation="1" onid="65535" tsid="1"/>
		<transponder frequency="11676000" symbol_rate="24444000" polarization="1" fec_inner="3" system="0" modulation="1" onid="42" tsid="20101"/>
		<transponder frequency="11727000" symbol_rate="27500000" polarization="1" fec_inner="3" system="1" modulation="2" onid="1070" tsid="60101"/>
		<transponder frequency="11767000" symbol_rate="15000000" polarization="1" fec_inner="3" system="1" modulation="2" onid="90" tsid="34"/>
		<transponder frequency="11789000" symbol_rate="20000000" polarization="0" fec_inner="3" system="1" modulation="2" onid="1070" tsid="43203"/>
		<transponder frequency="11795000" symbol_rate="30000000" polarization="1" fec_inner="3" system="1" modulation="2" onid="1070" tsid="43105"/>
		<transponder frequency="11837000" symbol_rate="30000000" polarization="1" fec_inner="2" system="1" modulation="2" onid="1070" tsid="43301"/>
		<transponder frequency="11853000" symbol_rate="25000000" polarization="0" fec_inner="3" system="1" modulation="2" onid="1070" tsid="43401"/>
		<transponder frequency="11865000" symbol_rate="15000000" polarization="1" fec_inner="3" system="0" modulation="1" onid="1070" tsid="43306"/>
		<transponder frequency="11880000" symbol_rate="20000000" polarization="0" fec_inner="3" system="1" modulation="2" onid="1070" tsid="43402"/>
		<transponder frequency="11883000" symbol_rate="4800000" polarization="1" fec_inner="4" system="0" modulation="1" onid="1070" tsid="40102"/>
		<transponder frequency="11916000" symbol_rate="30000000" polarization="1" fec_inner="3" system="0" modulation="1" onid="1070" tsid="40101"/>
		<transponder frequency="11958000" symbol_rate="27500000" polarization="1" fec_inner="4" system="0" modulation="1" onid="1070" tsid="40301"/>
		<transponder frequency="11977000" symbol_rate="27500000" polarization="0" fec_inner="4" system="0" modulation="1" onid="66" tsid="1"/>
		<transponder frequency="11983000" symbol_rate="2962000" polarization="1" fec_inner="4" system="1" modulation="2" onid="65535" tsid="1"/>
		<transponder frequency="11999000" symbol_rate="11666000" polarization="1" fec_inner="3" system="1" modulation="2" onid="1070" tsid="40504"/>
		<transponder frequency="12009000" symbol_rate="4444000" polarization="1" fec_inner="2" system="1" modulation="1" onid="65535" tsid="1"/>
		<transponder frequency="12015000" symbol_rate="27500000" polarization="0" fec_inner="4" system="0" modulation="1" onid="1070" tsid="40601"/>
		<transponder frequency="12034000" symbol_rate="27500000" polarization="1" fec_inner="4" system="0" modulation="1" onid="66" tsid="3"/>
		<transponder frequency="12054000" symbol_rate="27500000" polarization="0" fec_inner="4" system="0" modulation="1" onid="1070" tsid="40801"/>
		<transponder frequency="12073000" symbol_rate="27500000" polarization="1" fec_inner="4" system="1" modulation="2" onid="42" tsid="40901"/>
		<transponder frequency="12084000" symbol_rate="13750000" polarization="0" fec_inner="2" system="1" modulation="2" onid="1070" tsid="41005"/>
		<transponder frequency="12095000" symbol_rate="4800000" polarization="0" fec_inner="4" system="0" modulation="1" onid="1070" tsid="41002"/>
		<transponder frequency="12103000" symbol_rate="8333000" polarization="0" fec_inner="2" system="1" modulation="2" onid="1070" tsid="41003"/>
		<transponder frequency="12111000" symbol_rate="27500000" polarization="1" fec_inner="3" system="0" modulation="1" onid="1070" tsid="1"/>
		<transponder frequency="12149000" symbol_rate="27500000" polarization="1" fec_inner="2" system="1" modulation="2" onid="1070" tsid="1"/>
		<transponder frequency="12188000" symbol_rate="27500000" polarization="1" fec_inner="4" system="1" modulation="2" onid="66" tsid="9"/>
		<transponder frequency="12196000" symbol_rate="10400000" polarization="0" fec_inner="3" system="1" modulation="2" onid="1" tsid="41404"/>
		<transponder frequency="12209000" symbol_rate="10000000" polarization="0" fec_inner="3" system="1" modulation="2" onid="1070" tsid="41401"/>
		<transponder frequency="12213000" symbol_rate="5833000" polarization="1" fec_inner="2" system="1" modulation="2" onid="1070" tsid="41301"/>
		<transponder frequency="12219000" symbol_rate="6500000" polarization="0" fec_inner="3" system="0" modulation="1" onid="1070" tsid="41402"/>
		<transponder frequency="12228000" symbol_rate="8400000" polarization="1" fec_inner="4" system="0" modulation="1" onid="1070" tsid="41302"/>
		<transponder frequency="12245000" symbol_rate="27500000" polarization="0" fec_inner="4" system="1" modulation="2" onid="66" tsid="7"/>
		<transponder frequency="12265000" symbol_rate="27500000" polarization="1" fec_inner="3" system="1" modulation="2" onid="1070" tsid="41501"/>
		<transponder frequency="12298000" symbol_rate="4800000" polarization="1" fec_inner="4" system="0" modulation="1" onid="1070" tsid="41702"/>
		<transponder frequency="12310000" symbol_rate="15000000" polarization="1" fec_inner="3" system="1" modulation="2" onid="1070" tsid="41703"/>
		<transponder frequency="12329000" symbol_rate="6666000" polarization="0" fec_inner="2" system="1" modulation="2" onid="1070" tsid="42002"/>
		<transponder frequency="12336000" symbol_rate="5520000" polarization="0" fec_inner="3" system="0" modulation="1" onid="1070" tsid="42003"/>
		<transponder frequency="12345000" symbol_rate="30000000" polarization="1" fec_inner="2" system="1" modulation="2" onid="1070" tsid="41901"/>
		<transponder frequency="12346000" symbol_rate="9600000" polarization="0" fec_inner="3" system="0" modulation="1" onid="1070" tsid="42004"/>
		<transponder frequency="12356000" symbol_rate="7100000" polarization="0" fec_inner="2" system="1" modulation="2" onid="1070" tsid="42005"/>
		<transponder frequency="12379000" symbol_rate="30000000" polarization="0" fec_inner="3" system="0" modulation="1" onid="1070" tsid="42001"/>
		<transponder frequency="12380000" symbol_rate="27500000" polarization="1" fec_inner="3" system="0" modulation="1" onid="1070" tsid="41902"/>
		<transponder frequency="12422000" symbol_rate="30000000" polarization="0" fec_inner="3" system="0" modulation="1" onid="1070" tsid="42201"/>
		<transponder frequency="12423000" symbol_rate="27500000" polarization="1" fec_inner="3" system="0" modulation="1" onid="1070" tsid="42101"/>
		<transponder frequency="12458000" symbol_rate="30000000" polarization="1" fec_inner="3" system="0" modulation="1" onid="1070" tsid="42102"/>
		<transponder frequency="12524000" symbol_rate="30000000" polarization="1" fec_inner="3" system="0" modulation="1" onid="1070" tsid="1"/>
		<transponder frequency="12570000" symbol_rate="3300000" polarization="0" fec_inner="3" system="1" modulation="2" onid="65535" tsid="1"/>
		<transponder frequency="12572000" symbol_rate="7500000" polarization="1" fec_inner="3" system="1" modulation="2" onid="65535" tsid="1"/>
		<transponder frequency="12573000" symbol_rate="2500000" polarization="0" fec_inner="3" system="1" modulation="2" onid="0" tsid="0"/>
		<transponder frequency="12576000" symbol_rate="2480000" polarization="0" fec_inner="3" system="1" modulation="2" onid="65535" tsid="1"/>
		<transponder frequency="12605000" symbol_rate="34285000" polarization="1" fec_inner="2" system="1" modulation="2" onid="1070" tsid="31201"/>
		<transponder frequency="12610000" symbol_rate="20830000" polarization="0" fec_inner="3" system="0" modulation="1" onid="1070" tsid="31402"/>
		<transponder frequency="12630000" symbol_rate="8888000" polarization="1" fec_inner="3" system="1" modulation="2" onid="65535" tsid="20"/>
		<transponder frequency="12685000" symbol_rate="27500000" polarization="0" fec_inner="2" system="1" modulation="2" onid="1070" tsid="31502"/>
		<transponder frequency="12685000" symbol_rate="30000000" polarization="1" fec_inner="2" system="1" modulation="2" onid="1070" tsid="31702"/>
		<transponder frequency="12729000" symbol_rate="30000000" polarization="1" fec_inner="2" system="1" modulation="2" onid="1070" tsid="30401"/>
		<transponder frequency="12733000" symbol_rate="7500000" polarization="0" fec_inner="3" system="1" modulation="2" onid="0" tsid="0"/>
	</sat>
</satellites>
