<?xml version="1.0" encoding="iso-8859-1"?>
<!-- File generated by Morpheus883's xml generator -->
<satellites>
	<sat name="Hot Bird 13 F/G (13.0E)" flags="1" position="130">
		<transponder frequency="10719000" symbol_rate="27500000" polarization="1" fec_inner="3" system="1" modulation="2" onid="318" tsid="11000"/>
		<transponder frequency="10727000" symbol_rate="30000000" polarization="0" fec_inner="3" system="1" modulation="2" onid="318" tsid="11100"/>
		<transponder frequency="10758000" symbol_rate="27500000" polarization="1" fec_inner="3" system="1" modulation="2" onid="318" tsid="11200"/>
		<transponder frequency="10775000" symbol_rate="29900000" polarization="0" fec_inner="2" system="1" modulation="2" onid="318" tsid="11300"/>
		<transponder frequency="10796000" symbol_rate="27500000" polarization="1" fec_inner="3" system="1" modulation="2" onid="318" tsid="11400"/>
		<transponder frequency="10802000" symbol_rate="7200000" polarization="0" fec_inner="3" system="1" modulation="2" onid="8" tsid="1"/>
		<transponder frequency="10829000" symbol_rate="7200000" polarization="1" fec_inner="3" system="1" modulation="2" onid="65280" tsid="1"/>
		<transponder frequency="10839000" symbol_rate="7200000" polarization="1" fec_inner="3" system="1" modulation="2" onid="111" tsid="0"/>
		<transponder frequency="10873000" symbol_rate="27500000" polarization="1" fec_inner="3" system="1" modulation="2" onid="176" tsid="11800"/>
		<transponder frequency="10892000" symbol_rate="27500000" polarization="0" fec_inner="3" system="1" modulation="2" onid="319" tsid="11900"/>
		<transponder frequency="10911000" symbol_rate="27500000" polarization="1" fec_inner="3" system="1" modulation="2" onid="318" tsid="12000"/>
		<transponder frequency="10930000" symbol_rate="30000000" polarization="0" fec_inner="2" system="1" modulation="2" onid="318" tsid="12100"/>
		<transponder frequency="10949000" symbol_rate="27500000" polarization="1" fec_inner="2" system="1" modulation="2" onid="318" tsid="12200"/>
		<transponder frequency="10971000" symbol_rate="29700000" polarization="0" fec_inner="2" system="1" modulation="2" onid="318" tsid="12300"/>
		<transponder frequency="10992000" symbol_rate="27500000" polarization="1" fec_inner="2" system="0" modulation="1" onid="318" tsid="12400"/>
		<transponder frequency="11013000" symbol_rate="29900000" polarization="0" fec_inner="3" system="1" modulation="2" onid="318" tsid="12500"/>
		<transponder frequency="11034000" symbol_rate="27500000" polarization="1" fec_inner="3" system="0" modulation="1" onid="318" tsid="12600"/>
		<transponder frequency="11075000" symbol_rate="30000000" polarization="1" fec_inner="3" system="1" modulation="2" onid="318" tsid="12800"/>
		<transponder frequency="11096000" symbol_rate="30000000" polarization="0" fec_inner="2" system="1" modulation="2" onid="318" tsid="12900"/>
		<transponder frequency="11117000" symbol_rate="27500000" polarization="1" fec_inner="3" system="1" modulation="2" onid="318" tsid="13000"/>
		<transponder frequency="11137000" symbol_rate="27500000" polarization="0" fec_inner="3" system="0" modulation="1" onid="318" tsid="13100"/>
		<transponder frequency="11158000" symbol_rate="27500000" polarization="1" fec_inner="3" system="1" modulation="2" onid="113" tsid="13200"/>
		<transponder frequency="11179000" symbol_rate="27500000" polarization="0" fec_inner="2" system="1" modulation="2" onid="318" tsid="13300"/>
		<transponder frequency="11190000" symbol_rate="14400000" polarization="1" fec_inner="7" system="1" modulation="2" onid="65535" tsid="19"/>
		<transponder frequency="11209000" symbol_rate="7200000" polarization="1" fec_inner="3" system="1" modulation="2" onid="1" tsid="1"/>
		<transponder frequency="11211000" symbol_rate="9600000" polarization="1" fec_inner="3" system="1" modulation="2" onid="1" tsid="1"/>
		<transponder frequency="11240000" symbol_rate="27500000" polarization="1" fec_inner="4" system="1" modulation="2" onid="318" tsid="200"/>
		<transponder frequency="11258000" symbol_rate="27500000" polarization="0" fec_inner="3" system="1" modulation="2" onid="318" tsid="300"/>
		<transponder frequency="11278000" symbol_rate="27500000" polarization="1" fec_inner="4" system="1" modulation="2" onid="318" tsid="400"/>
		<transponder frequency="11296000" symbol_rate="27500000" polarization="0" fec_inner="4" system="0" modulation="1" onid="252" tsid="500"/>
		<transponder frequency="11334000" symbol_rate="27500000" polarization="0" fec_inner="3" system="1" modulation="2" onid="318" tsid="700"/>
		<transponder frequency="11355000" symbol_rate="27500000" polarization="1" fec_inner="3" system="1" modulation="2" onid="1" tsid="3079"/>
		<transponder frequency="11373000" symbol_rate="27500000" polarization="0" fec_inner="3" system="1" modulation="2" onid="318" tsid="900"/>
		<transponder frequency="11393000" symbol_rate="27500000" polarization="1" fec_inner="3" system="1" modulation="2" onid="318" tsid="1000"/>
		<transponder frequency="11411000" symbol_rate="27500000" polarization="0" fec_inner="4" system="1" modulation="2" onid="318" tsid="1100"/>
		<transponder frequency="11432000" symbol_rate="29900000" polarization="1" fec_inner="3" system="1" modulation="2" onid="272" tsid="1200"/>
		<transponder frequency="11449000" symbol_rate="27500000" polarization="0" fec_inner="4" system="1" modulation="2" onid="318" tsid="1300"/>
		<transponder frequency="11470000" symbol_rate="33000000" polarization="1" fec_inner="2" system="1" modulation="2" onid="1" tsid="1002"/>
		<transponder frequency="11488000" symbol_rate="27500000" polarization="0" fec_inner="4" system="1" modulation="2" onid="318" tsid="1500"/>
		<transponder frequency="11508000" symbol_rate="27500000" polarization="1" fec_inner="3" system="1" modulation="2" onid="318" tsid="1600"/>
		<transponder frequency="11526000" symbol_rate="33000000" polarization="0" fec_inner="2" system="1" modulation="2" onid="2" tsid="2003"/>
		<transponder frequency="11566000" symbol_rate="29900000" polarization="0" fec_inner="3" system="1" modulation="2" onid="318" tsid="15300"/>
		<transponder frequency="11585000" symbol_rate="27500000" polarization="1" fec_inner="4" system="1" modulation="2" onid="318" tsid="15400"/>
		<transponder frequency="11615000" symbol_rate="14400000" polarization="1" fec_inner="3" system="1" modulation="2" onid="65535" tsid="21"/>
		<transponder frequency="11642000" symbol_rate="27500000" polarization="0" fec_inner="3" system="1" modulation="2" onid="318" tsid="15700"/>
		<transponder frequency="11662000" symbol_rate="27500000" polarization="1" fec_inner="3" system="1" modulation="2" onid="318" tsid="15800"/>
		<transponder frequency="11681000" symbol_rate="27500000" polarization="0" fec_inner="3" system="1" modulation="2" onid="319" tsid="15900"/>
		<transponder frequency="11727000" symbol_rate="29900000" polarization="1" fec_inner="3" system="1" modulation="2" onid="318" tsid="5000"/>
		<transponder frequency="11747000" symbol_rate="27500000" polarization="0" fec_inner="3" system="1" modulation="2" onid="318" tsid="5103"/>
		<transponder frequency="11766000" symbol_rate="29900000" polarization="1" fec_inner="3" system="1" modulation="2" onid="318" tsid="5200"/>
		<transponder frequency="11785000" symbol_rate="27500000" polarization="0" fec_inner="3" system="1" modulation="2" onid="318" tsid="5300"/>
		<transponder frequency="11804000" symbol_rate="30000000" polarization="1" fec_inner="4" system="1" modulation="2" onid="318" tsid="5400"/>
		<transponder frequency="11823000" symbol_rate="27500000" polarization="0" fec_inner="3" system="1" modulation="2" onid="318" tsid="5500"/>
		<transponder frequency="11843000" symbol_rate="29900000" polarization="1" fec_inner="3" system="1" modulation="2" onid="64511" tsid="5600"/>
		<transponder frequency="11862000" symbol_rate="29900000" polarization="0" fec_inner="4" system="1" modulation="1" onid="64511" tsid="5700"/>
		<transponder frequency="11881000" symbol_rate="27500000" polarization="1" fec_inner="3" system="0" modulation="1" onid="64511" tsid="5800"/>
		<transponder frequency="11900000" symbol_rate="27500000" polarization="0" fec_inner="3" system="1" modulation="2" onid="319" tsid="5900"/>
		<transponder frequency="11919000" symbol_rate="29900000" polarization="1" fec_inner="3" system="1" modulation="2" onid="190" tsid="6000"/>
		<transponder frequency="11938000" symbol_rate="30000000" polarization="0" fec_inner="4" system="1" modulation="2" onid="318" tsid="6100"/>
		<transponder frequency="11958000" symbol_rate="27500000" polarization="1" fec_inner="3" system="0" modulation="1" onid="64511" tsid="6200"/>
		<transponder frequency="11977000" symbol_rate="29900000" polarization="0" fec_inner="3" system="1" modulation="2" onid="64511" tsid="6300"/>
		<transponder frequency="11996000" symbol_rate="29900000" polarization="1" fec_inner="4" system="1" modulation="1" onid="64511" tsid="6400"/>
		<transponder frequency="12015000" symbol_rate="27500000" polarization="0" fec_inner="3" system="1" modulation="2" onid="318" tsid="6500"/>
		<transponder frequency="12034000" symbol_rate="29900000" polarization="1" fec_inner="3" system="1" modulation="2" onid="64511" tsid="6600"/>
		<transponder frequency="12054000" symbol_rate="29900000" polarization="0" fec_inner="4" system="1" modulation="1" onid="64511" tsid="6700"/>
		<transponder frequency="12073000" symbol_rate="29900000" polarization="1" fec_inner="3" system="1" modulation="2" onid="64511" tsid="6800"/>
		<transponder frequency="12111000" symbol_rate="27500000" polarization="1" fec_inner="3" system="0" modulation="1" onid="318" tsid="7000"/>
		<transponder frequency="12130000" symbol_rate="30000000" polarization="0" fec_inner="4" system="1" modulation="2" onid="318" tsid="7100"/>
		<transponder frequency="12149000" symbol_rate="27500000" polarization="1" fec_inner="3" system="0" modulation="1" onid="318" tsid="7200"/>
		<transponder frequency="12169000" symbol_rate="30000000" polarization="0" fec_inner="4" system="1" modulation="2" onid="318" tsid="7300"/>
		<transponder frequency="12188000" symbol_rate="27500000" polarization="1" fec_inner="3" system="1" modulation="2" onid="113" tsid="7400"/>
		<transponder frequency="12207000" symbol_rate="29900000" polarization="0" fec_inner="4" system="1" modulation="1" onid="318" tsid="7500"/>
		<transponder frequency="12226000" symbol_rate="27500000" polarization="1" fec_inner="3" system="0" modulation="1" onid="318" tsid="7600"/>
		<transponder frequency="12265000" symbol_rate="27500000" polarization="1" fec_inner="3" system="1" modulation="2" onid="113" tsid="7800"/>
		<transponder frequency="12284000" symbol_rate="27500000" polarization="0" fec_inner="3" system="1" modulation="2" onid="113" tsid="7900"/>
		<transponder frequency="12303000" symbol_rate="27500000" polarization="1" fec_inner="3" system="1" modulation="2" onid="318" tsid="8000"/>
		<transponder frequency="12322000" symbol_rate="27500000" polarization="0" fec_inner="3" system="0" modulation="1" onid="318" tsid="8100"/>
		<transponder frequency="12341000" symbol_rate="29900000" polarization="1" fec_inner="4" system="1" modulation="1" onid="64511" tsid="8200"/>
		<transponder frequency="12360000" symbol_rate="27500000" polarization="0" fec_inner="3" system="1" modulation="2" onid="318" tsid="8300"/>
		<transponder frequency="12380000" symbol_rate="30000000" polarization="1" fec_inner="4" system="1" modulation="2" onid="318" tsid="8400"/>
		<transponder frequency="12399000" symbol_rate="29700000" polarization="0" fec_inner="2" system="1" modulation="2" onid="318" tsid="8500"/>
		<transponder frequency="12418000" symbol_rate="29900000" polarization="1" fec_inner="3" system="1" modulation="2" onid="64511" tsid="8600"/>
		<transponder frequency="12466000" symbol_rate="29900000" polarization="1" fec_inner="3" system="1" modulation="2" onid="64511" tsid="8800"/>
		<transponder frequency="12476000" symbol_rate="29900000" polarization="0" fec_inner="3" system="1" modulation="2" onid="318" tsid="8900"/>
		<transponder frequency="12520000" symbol_rate="27500000" polarization="1" fec_inner="2" system="1" modulation="2" onid="318" tsid="9000"/>
		<transponder frequency="12558000" symbol_rate="27500000" polarization="1" fec_inner="4" system="1" modulation="2" onid="318" tsid="9200"/>
		<transponder frequency="12577000" symbol_rate="27500000" polarization="0" fec_inner="3" system="1" modulation="2" onid="318" tsid="9300"/>
		<transponder frequency="12583000" symbol_rate="9600000" polarization="1" fec_inner="3" system="1" modulation="2" onid="1" tsid="1"/>
		<transponder frequency="12584000" symbol_rate="9800000" polarization="1" fec_inner="3" system="1" modulation="2" onid="65535" tsid="1"/>
		<transponder frequency="12592000" symbol_rate="21600000" polarization="1" fec_inner="3" system="1" modulation="2" onid="65535" tsid="18"/>
		<transponder frequency="12596000" symbol_rate="9800000" polarization="1" fec_inner="3" system="1" modulation="2" onid="65535" tsid="1"/>
		<transponder frequency="12600000" symbol_rate="7200000" polarization="1" fec_inner="3" system="1" modulation="2" onid="1" tsid="1"/>
		<transponder frequency="12604000" symbol_rate="14240000" polarization="1" fec_inner="3" system="1" modulation="2" onid="200" tsid="1"/>
		<transponder frequency="12608000" symbol_rate="9800000" polarization="1" fec_inner="3" system="1" modulation="2" onid="65535" tsid="1"/>
		<transponder frequency="12616000" symbol_rate="30000000" polarization="0" fec_inner="4" system="1" modulation="2" onid="213" tsid="9500"/>
		<transponder frequency="12635000" symbol_rate="30000000" polarization="1" fec_inner="4" system="1" modulation="2" onid="213" tsid="9600"/>
		<transponder frequency="12654000" symbol_rate="30000000" polarization="0" fec_inner="4" system="1" modulation="2" onid="213" tsid="9700"/>
		<transponder frequency="12673000" symbol_rate="30000000" polarization="1" fec_inner="4" system="1" modulation="2" onid="213" tsid="9800"/>
		<transponder frequency="12692000" symbol_rate="27500000" polarization="0" fec_inner="3" system="1" modulation="2" onid="319" tsid="9900"/>
		<transponder frequency="12713000" symbol_rate="30000000" polarization="1" fec_inner="4" system="1" modulation="2" onid="213" tsid="10000"/>
		<transponder frequency="12731000" symbol_rate="30000000" polarization="0" fec_inner="4" system="1" modulation="2" onid="318" tsid="10100"/>
	</sat>
	<sat name="Astra 3 B/C (23.5E)" flags="1" position="235">
		<transponder frequency="11460000" symbol_rate="4936000" polarization="1" fec_inner="3" system="1" modulation="2" onid="0" tsid="0"/>
		<transponder frequency="11474000" symbol_rate="5000000" polarization="1" fec_inner="3" system="1" modulation="2" onid="65535" tsid="1"/>
		<transponder frequency="11486000" symbol_rate="15000000" polarization="1" fec_inner="4" system="1" modulation="2" onid="1" tsid="1"/>
		<transponder frequency="11489000" symbol_rate="7200000" polarization="1" fec_inner="3" system="1" modulation="2" onid="65535" tsid="1"/>
		<transponder frequency="11501000" symbol_rate="7200000" polarization="1" fec_inner="3" system="1" modulation="2" onid="1" tsid="1"/>
		<transponder frequency="11506000" symbol_rate="14500000" polarization="0" fec_inner="3" system="1" modulation="2" onid="1" tsid="1"/>
		<transponder frequency="11506000" symbol_rate="14400000" polarization="1" fec_inner="3" system="1" modulation="2" onid="1" tsid="1"/>
		<transponder frequency="11509000" symbol_rate="7200000" polarization="0" fec_inner="3" system="1" modulation="2" onid="1" tsid="1"/>
		<transponder frequency="11510000" symbol_rate="22000000" polarization="0" fec_inner="3" system="1" modulation="2" onid="1" tsid="1"/>
		<transponder frequency="11512000" symbol_rate="7200000" polarization="1" fec_inner="3" system="1" modulation="2" onid="65535" tsid="1"/>
		<transponder frequency="11530000" symbol_rate="7200000" polarization="1" fec_inner="3" system="1" modulation="2" onid="235" tsid="0"/>
		<transponder frequency="11596000" symbol_rate="4800000" polarization="0" fec_inner="2" system="1" modulation="2" onid="3" tsid="3007"/>
		<transponder frequency="11621000" symbol_rate="7500000" polarization="1" fec_inner="3" system="1" modulation="2" onid="1" tsid="1"/>
		<transponder frequency="11624000" symbol_rate="7200000" polarization="1" fec_inner="3" system="1" modulation="2" onid="0" tsid="0"/>
		<transponder frequency="11627000" symbol_rate="14400000" polarization="1" fec_inner="3" system="1" modulation="2" onid="1" tsid="1"/>
		<transponder frequency="11640000" symbol_rate="7500000" polarization="1" fec_inner="3" system="1" modulation="2" onid="1" tsid="1"/>
		<transponder frequency="11644000" symbol_rate="15000000" polarization="1" fec_inner="3" system="1" modulation="2" onid="1" tsid="1"/>
		<transponder frequency="11648000" symbol_rate="7200000" polarization="1" fec_inner="3" system="1" modulation="2" onid="65535" tsid="2"/>
		<transponder frequency="11651000" symbol_rate="7200000" polarization="1" fec_inner="3" system="1" modulation="2" onid="1" tsid="0"/>
		<transponder frequency="11665000" symbol_rate="15000000" polarization="0" fec_inner="3" system="1" modulation="2" onid="65535" tsid="1"/>
		<transponder frequency="11670000" symbol_rate="7200000" polarization="0" fec_inner="3" system="1" modulation="2" onid="0" tsid="0"/>
		<transponder frequency="11680000" symbol_rate="7200000" polarization="1" fec_inner="3" system="1" modulation="2" onid="65535" tsid="1"/>
		<transponder frequency="11683000" symbol_rate="14400000" polarization="0" fec_inner="3" system="1" modulation="2" onid="0" tsid="0"/>
		<transponder frequency="11739000" symbol_rate="29900000" polarization="1" fec_inner="3" system="1" modulation="2" onid="3" tsid="3202"/>
		<transponder frequency="11856000" symbol_rate="29900000" polarization="1" fec_inner="3" system="1" modulation="2" onid="3" tsid="3208"/>
		<transponder frequency="11914000" symbol_rate="30000000" polarization="0" fec_inner="3" system="1" modulation="2" onid="3" tsid="3211"/>
		<transponder frequency="11934000" symbol_rate="29900000" polarization="1" fec_inner="3" system="1" modulation="2" onid="3" tsid="3212"/>
		<transponder frequency="11973000" symbol_rate="29900000" polarization="1" fec_inner="3" system="1" modulation="2" onid="3" tsid="3214"/>
		<transponder frequency="12012000" symbol_rate="29900000" polarization="1" fec_inner="3" system="1" modulation="2" onid="3" tsid="3216"/>
		<transponder frequency="12032000" symbol_rate="27500000" polarization="0" fec_inner="9" system="1" modulation="1" onid="3" tsid="3217"/>
		<transponder frequency="12070000" symbol_rate="27500000" polarization="0" fec_inner="3" system="0" modulation="1" onid="3" tsid="3219"/>
		<transponder frequency="12090000" symbol_rate="29900000" polarization="1" fec_inner="3" system="1" modulation="2" onid="3" tsid="3220"/>
		<transponder frequency="12110000" symbol_rate="29900000" polarization="0" fec_inner="3" system="1" modulation="2" onid="3" tsid="3221"/>
		<transponder frequency="12129000" symbol_rate="29900000" polarization="1" fec_inner="3" system="1" modulation="2" onid="3" tsid="3222"/>
		<transponder frequency="12168000" symbol_rate="27500000" polarization="1" fec_inner="3" system="0" modulation="1" onid="3" tsid="3224"/>
		<transponder frequency="12188000" symbol_rate="29900000" polarization="0" fec_inner="3" system="1" modulation="2" onid="3" tsid="3225"/>
		<transponder frequency="12246000" symbol_rate="30000000" polarization="1" fec_inner="3" system="1" modulation="2" onid="3" tsid="3228"/>
		<transponder frequency="12266000" symbol_rate="29900000" polarization="0" fec_inner="3" system="1" modulation="2" onid="3" tsid="3229"/>
		<transponder frequency="12285000" symbol_rate="30000000" polarization="1" fec_inner="2" system="1" modulation="2" onid="3" tsid="3230"/>
		<transponder frequency="12304000" symbol_rate="30000000" polarization="0" fec_inner="3" system="1" modulation="2" onid="3" tsid="3231"/>
		<transponder frequency="12344000" symbol_rate="29900000" polarization="0" fec_inner="3" system="1" modulation="2" onid="3" tsid="3233"/>
		<transponder frequency="12363000" symbol_rate="29500000" polarization="1" fec_inner="3" system="1" modulation="2" onid="3" tsid="3234"/>
		<transponder frequency="12402000" symbol_rate="30000000" polarization="1" fec_inner="3" system="1" modulation="2" onid="3" tsid="3236"/>
		<transponder frequency="12422000" symbol_rate="30000000" polarization="0" fec_inner="3" system="1" modulation="2" onid="3" tsid="3237"/>
		<transponder frequency="12441000" symbol_rate="30000000" polarization="1" fec_inner="3" system="1" modulation="2" onid="3" tsid="3238"/>
		<transponder frequency="12460000" symbol_rate="30000000" polarization="0" fec_inner="3" system="1" modulation="2" onid="3" tsid="3239"/>
		<transponder frequency="12480000" symbol_rate="30000000" polarization="1" fec_inner="3" system="1" modulation="2" onid="3" tsid="3240"/>
		<transponder frequency="12508000" symbol_rate="3600000" polarization="1" fec_inner="3" system="1" modulation="2" onid="65535" tsid="1"/>
		<transponder frequency="12512000" symbol_rate="7500000" polarization="1" fec_inner="3" system="1" modulation="2" onid="1" tsid="1"/>
		<transponder frequency="12515000" symbol_rate="15000000" polarization="1" fec_inner="3" system="1" modulation="2" onid="111" tsid="112"/>
		<transponder frequency="12521000" symbol_rate="7500000" polarization="1" fec_inner="3" system="1" modulation="2" onid="65535" tsid="1"/>
		<transponder frequency="12528000" symbol_rate="7500000" polarization="1" fec_inner="4" system="1" modulation="2" onid="65535" tsid="1"/>
		<transponder frequency="12531000" symbol_rate="7200000" polarization="1" fec_inner="3" system="1" modulation="2" onid="1" tsid="0"/>
		<transponder frequency="12533000" symbol_rate="3650000" polarization="1" fec_inner="3" system="1" modulation="2" onid="65535" tsid="1"/>
		<transponder frequency="12539000" symbol_rate="7200000" polarization="1" fec_inner="3" system="1" modulation="2" onid="0" tsid="0"/>
		<transponder frequency="12681000" symbol_rate="4936000" polarization="0" fec_inner="3" system="1" modulation="2" onid="1" tsid="1"/>
		<transponder frequency="12685000" symbol_rate="2400000" polarization="1" fec_inner="4" system="1" modulation="2" onid="65535" tsid="1"/>
		<transponder frequency="12698000" symbol_rate="7200000" polarization="0" fec_inner="3" system="1" modulation="2" onid="65535" tsid="2"/>
		<transponder frequency="12698000" symbol_rate="4800000" polarization="1" fec_inner="3" system="1" modulation="0" onid="235" tsid="17185"/>
		<transponder frequency="12701000" symbol_rate="4938000" polarization="0" fec_inner="3" system="1" modulation="2" onid="1" tsid="1"/>
		<transponder frequency="12711000" symbol_rate="4800000" polarization="1" fec_inner="3" system="1" modulation="2" onid="65535" tsid="1"/>
		<transponder frequency="12712000" symbol_rate="7200000" polarization="0" fec_inner="3" system="1" modulation="2" onid="1" tsid="1"/>
		<transponder frequency="12714000" symbol_rate="7200000" polarization="1" fec_inner="3" system="1" modulation="2" onid="0" tsid="0"/>
		<transponder frequency="12717000" symbol_rate="7200000" polarization="1" fec_inner="3" system="1" modulation="2" onid="65535" tsid="1"/>
		<transponder frequency="12719000" symbol_rate="7500000" polarization="0" fec_inner="3" system="1" modulation="2" onid="65535" tsid="1"/>
		<transponder frequency="12720000" symbol_rate="7200000" polarization="1" fec_inner="3" system="1" modulation="2" onid="1" tsid="0"/>
		<transponder frequency="12723000" symbol_rate="4800000" polarization="1" fec_inner="3" system="1" modulation="2" onid="65535" tsid="1"/>
		<transponder frequency="12726000" symbol_rate="7200000" polarization="1" fec_inner="3" system="1" modulation="2" onid="1" tsid="1"/>
		<transponder frequency="12729000" symbol_rate="4800000" polarization="1" fec_inner="3" system="1" modulation="2" onid="65535" tsid="1"/>
		<transponder frequency="12735000" symbol_rate="15000000" polarization="0" fec_inner="3" system="1" modulation="2" onid="1" tsid="1"/>
		<transponder frequency="12735000" symbol_rate="7200000" polarization="1" fec_inner="3" system="1" modulation="2" onid="65535" tsid="5"/>
		<transponder frequency="12738000" symbol_rate="7200000" polarization="1" fec_inner="3" system="1" modulation="2" onid="1" tsid="1"/>
	</sat>
</satellites>
