<?xml version="1.0" encoding="iso-8859-1"?>
<!-- File generated by Morpheus883's xml generator -->
<satellites>
	<sat name="Hispasat 30W 5/6 (30.0W)" flags="1" position="-300">
		<transponder frequency="10730000" symbol_rate="27500000" polarization="0" fec_inner="3" system="1" modulation="2" onid="1388" tsid="1388"/>
		<transponder frequency="10770000" symbol_rate="30000000" polarization="0" fec_inner="4" system="1" modulation="2" onid="6" tsid="6"/>
		<transponder frequency="10890000" symbol_rate="29990000" polarization="0" fec_inner="3" system="1" modulation="2" onid="1" tsid="1"/>
		<transponder frequency="10890000" symbol_rate="27500000" polarization="1" fec_inner="3" system="0" modulation="1" onid="2" tsid="15"/>
		<transponder frequency="10917000" symbol_rate="7500000" polarization="1" fec_inner="4" system="1" modulation="2" onid="65281" tsid="12600"/>
		<transponder frequency="10922000" symbol_rate="1667000" polarization="1" fec_inner="9" system="1" modulation="2" onid="1" tsid="1"/>
		<transponder frequency="10930000" symbol_rate="30000000" polarization="0" fec_inner="3" system="1" modulation="2" onid="65280" tsid="13"/>
		<transponder frequency="11222000" symbol_rate="30000000" polarization="0" fec_inner="3" system="1" modulation="2" onid="1" tsid="60020"/>
		<transponder frequency="11276000" symbol_rate="7140000" polarization="0" fec_inner="0" system="1" modulation="1" onid="33" tsid="100"/>
		<transponder frequency="11302000" symbol_rate="30000000" polarization="0" fec_inner="3" system="1" modulation="2" onid="1" tsid="60022"/>
		<transponder frequency="11330000" symbol_rate="9140000" polarization="0" fec_inner="3" system="1" modulation="2" onid="8916" tsid="1001" is_id="0" pls_code="174526" pls_mode="1"/>
		<transponder frequency="11347000" symbol_rate="20858000" polarization="0" fec_inner="3" system="1" modulation="2" onid="0" tsid="60023"/>
		<transponder frequency="11382000" symbol_rate="30000000" polarization="0" fec_inner="3" system="1" modulation="2" onid="1" tsid="60025"/>
		<transponder frequency="11382000" symbol_rate="30000000" polarization="1" fec_inner="3" system="1" modulation="2" onid="34" tsid="200"/>
		<transponder frequency="11422000" symbol_rate="5000000" polarization="1" fec_inner="4" system="0" modulation="1" onid="54" tsid="50"/>
		<transponder frequency="11491000" symbol_rate="7522000" polarization="1" fec_inner="6" system="1" modulation="2" onid="8916" tsid="1" is_id="0" pls_code="133460" pls_mode="0"/>
		<transponder frequency="11496000" symbol_rate="7884000" polarization="0" fec_inner="6" system="1" modulation="2" onid="8916" tsid="5200" is_id="0" pls_code="185747" pls_mode="0"/>
		<transponder frequency="11510000" symbol_rate="10000000" polarization="1" fec_inner="3" system="0" modulation="1" onid="0" tsid="101"/>
		<transponder frequency="11522000" symbol_rate="5000000" polarization="0" fec_inner="3" system="1" modulation="2" onid="1" tsid="1"/>
		<transponder frequency="11527000" symbol_rate="5000000" polarization="0" fec_inner="3" system="1" modulation="1" onid="65535" tsid="1"/>
		<transponder frequency="11533000" symbol_rate="5000000" polarization="0" fec_inner="3" system="1" modulation="1" onid="65535" tsid="1"/>
		<transponder frequency="11653000" symbol_rate="19680000" polarization="0" fec_inner="3" system="1" modulation="2" onid="0" tsid="60003"/>
		<transponder frequency="11677000" symbol_rate="15750000" polarization="0" fec_inner="3" system="1" modulation="2" onid="0" tsid="60004"/>
		<transponder frequency="11697000" symbol_rate="185000" polarization="1" fec_inner="3" system="0" modulation="1" onid="0" tsid="0"/>
		<transponder frequency="12078000" symbol_rate="7500000" polarization="1" fec_inner="3" system="1" modulation="2" onid="65535" tsid="1"/>
		<transponder frequency="12095000" symbol_rate="5000000" polarization="1" fec_inner="3" system="1" modulation="2" onid="65535" tsid="1"/>
		<transponder frequency="12100000" symbol_rate="5000000" polarization="1" fec_inner="3" system="1" modulation="2" onid="65535" tsid="1"/>
		<transponder frequency="12106000" symbol_rate="5000000" polarization="1" fec_inner="3" system="1" modulation="2" onid="65535" tsid="1"/>
		<transponder frequency="12130000" symbol_rate="27500000" polarization="0" fec_inner="3" system="1" modulation="2" onid="83" tsid="101"/>
		<transponder frequency="12246000" symbol_rate="27500000" polarization="0" fec_inner="3" system="1" modulation="2" onid="83" tsid="104"/>
		<transponder frequency="12284000" symbol_rate="27500000" polarization="0" fec_inner="3" system="1" modulation="2" onid="83" tsid="105"/>
		<transponder frequency="12360000" symbol_rate="27500000" polarization="0" fec_inner="3" system="1" modulation="2" onid="54" tsid="38"/>
		<transponder frequency="12399000" symbol_rate="27500000" polarization="0" fec_inner="3" system="1" modulation="2" onid="54" tsid="39"/>
		<transponder frequency="12437000" symbol_rate="27500000" polarization="0" fec_inner="3" system="1" modulation="2" onid="54" tsid="47"/>
		<transponder frequency="12476000" symbol_rate="27500000" polarization="0" fec_inner="3" system="1" modulation="2" onid="54" tsid="48"/>
		<transponder frequency="12519000" symbol_rate="1481000" polarization="1" fec_inner="3" system="1" modulation="2" onid="1" tsid="1"/>
		<transponder frequency="12528000" symbol_rate="8000000" polarization="0" fec_inner="4" system="1" modulation="2" onid="0" tsid="1089"/>
		<transponder frequency="12548000" symbol_rate="29600000" polarization="1" fec_inner="3" system="1" modulation="2" onid="0" tsid="60007"/>
		<transponder frequency="12563000" symbol_rate="4684000" polarization="0" fec_inner="3" system="1" modulation="2" onid="65280" tsid="0"/>
		<transponder frequency="12631000" symbol_rate="30000000" polarization="1" fec_inner="3" system="1" modulation="2" onid="0" tsid="60002"/>
		<transponder frequency="12633000" symbol_rate="4500000" polarization="0" fec_inner="3" system="0" modulation="1" onid="65535" tsid="1"/>
		<transponder frequency="12671000" symbol_rate="30000000" polarization="1" fec_inner="3" system="1" modulation="2" onid="0" tsid="60001"/>
		<transponder frequency="12706000" symbol_rate="12000000" polarization="0" fec_inner="0" system="1" modulation="1" onid="0" tsid="1089"/>
		<transponder frequency="12730000" symbol_rate="9230000" polarization="0" fec_inner="3" system="1" modulation="2" onid="65535" tsid="1"/>
	</sat>
	<sat name="Hot Bird 13B/13C/13E (13.0E)" flags="1" position="130">
		<transponder frequency="10719000" symbol_rate="27500000" polarization="1" fec_inner="3" system="1" modulation="2" onid="318" tsid="11000"/>
		<transponder frequency="10727000" symbol_rate="30000000" polarization="0" fec_inner="3" system="1" modulation="2" onid="318" tsid="11100"/>
		<transponder frequency="10758000" symbol_rate="27500000" polarization="1" fec_inner="3" system="1" modulation="2" onid="318" tsid="11200"/>
		<transponder frequency="10775000" symbol_rate="29900000" polarization="0" fec_inner="7" system="1" modulation="2" onid="318" tsid="11300"/>
		<transponder frequency="10796000" symbol_rate="27500000" polarization="1" fec_inner="3" system="1" modulation="2" onid="318" tsid="11400"/>
		<transponder frequency="10815000" symbol_rate="27500000" polarization="0" fec_inner="4" system="0" modulation="1" onid="318" tsid="11500"/>
		<transponder frequency="10834000" symbol_rate="27500000" polarization="1" fec_inner="3" system="1" modulation="2" onid="318" tsid="11600"/>
		<transponder frequency="10873000" symbol_rate="27500000" polarization="1" fec_inner="3" system="1" modulation="2" onid="176" tsid="11800"/>
		<transponder frequency="10892000" symbol_rate="27500000" polarization="0" fec_inner="3" system="1" modulation="2" onid="318" tsid="11900"/>
		<transponder frequency="10911000" symbol_rate="27500000" polarization="1" fec_inner="3" system="1" modulation="2" onid="318" tsid="12000"/>
		<transponder frequency="10930000" symbol_rate="30000000" polarization="0" fec_inner="2" system="1" modulation="2" onid="318" tsid="12100"/>
		<transponder frequency="10949000" symbol_rate="29900000" polarization="1" fec_inner="7" system="1" modulation="2" onid="85" tsid="95"/>
		<transponder frequency="10971000" symbol_rate="29700000" polarization="0" fec_inner="2" system="1" modulation="2" onid="318" tsid="12300"/>
		<transponder frequency="10992000" symbol_rate="27500000" polarization="1" fec_inner="2" system="0" modulation="1" onid="318" tsid="12400"/>
		<transponder frequency="11013000" symbol_rate="29900000" polarization="0" fec_inner="3" system="1" modulation="2" onid="318" tsid="12500"/>
		<transponder frequency="11034000" symbol_rate="27500000" polarization="1" fec_inner="3" system="0" modulation="1" onid="318" tsid="12600"/>
		<transponder frequency="11054000" symbol_rate="27500000" polarization="0" fec_inner="4" system="0" modulation="1" onid="318" tsid="12700"/>
		<transponder frequency="11075000" symbol_rate="30000000" polarization="1" fec_inner="3" system="1" modulation="2" onid="318" tsid="12800"/>
		<transponder frequency="11096000" symbol_rate="30000000" polarization="0" fec_inner="3" system="1" modulation="2" onid="318" tsid="12900"/>
		<transponder frequency="11117000" symbol_rate="27500000" polarization="1" fec_inner="3" system="1" modulation="2" onid="318" tsid="13000"/>
		<transponder frequency="11137000" symbol_rate="27500000" polarization="0" fec_inner="3" system="0" modulation="1" onid="318" tsid="13100"/>
		<transponder frequency="11158000" symbol_rate="27500000" polarization="1" fec_inner="3" system="1" modulation="2" onid="113" tsid="13200"/>
		<transponder frequency="11179000" symbol_rate="27500000" polarization="0" fec_inner="3" system="1" modulation="2" onid="318" tsid="13300"/>
		<transponder frequency="11219000" symbol_rate="29900000" polarization="0" fec_inner="7" system="1" modulation="2" onid="85" tsid="94"/>
		<transponder frequency="11240000" symbol_rate="27500000" polarization="1" fec_inner="3" system="0" modulation="1" onid="318" tsid="200"/>
		<transponder frequency="11278000" symbol_rate="27500000" polarization="1" fec_inner="3" system="1" modulation="2" onid="318" tsid="400"/>
		<transponder frequency="11296000" symbol_rate="27500000" polarization="0" fec_inner="4" system="0" modulation="1" onid="318" tsid="500"/>
		<transponder frequency="11334000" symbol_rate="27500000" polarization="0" fec_inner="3" system="0" modulation="1" onid="318" tsid="700"/>
		<transponder frequency="11373000" symbol_rate="27500000" polarization="0" fec_inner="3" system="1" modulation="2" onid="318" tsid="900"/>
		<transponder frequency="11393000" symbol_rate="27500000" polarization="1" fec_inner="3" system="1" modulation="2" onid="318" tsid="1000"/>
		<transponder frequency="11411000" symbol_rate="27500000" polarization="0" fec_inner="3" system="1" modulation="2" onid="318" tsid="1100"/>
		<transponder frequency="11432000" symbol_rate="29900000" polarization="1" fec_inner="3" system="1" modulation="2" onid="272" tsid="1200"/>
		<transponder frequency="11449000" symbol_rate="27500000" polarization="0" fec_inner="3" system="1" modulation="2" onid="318" tsid="1300"/>
		<transponder frequency="11488000" symbol_rate="27500000" polarization="0" fec_inner="3" system="1" modulation="2" onid="318" tsid="1500"/>
		<transponder frequency="11508000" symbol_rate="27500000" polarization="1" fec_inner="3" system="1" modulation="2" onid="318" tsid="1600"/>
		<transponder frequency="11526000" symbol_rate="29700000" polarization="0" fec_inner="2" system="1" modulation="2" onid="318" tsid="1700"/>
		<transponder frequency="11541000" symbol_rate="22000000" polarization="1" fec_inner="4" system="0" modulation="1" onid="200" tsid="1800"/>
		<transponder frequency="11566000" symbol_rate="29900000" polarization="0" fec_inner="3" system="1" modulation="2" onid="318" tsid="15300"/>
		<transponder frequency="11585000" symbol_rate="27500000" polarization="1" fec_inner="4" system="1" modulation="2" onid="318" tsid="15400"/>
		<transponder frequency="11623000" symbol_rate="27500000" polarization="1" fec_inner="3" system="0" modulation="1" onid="318" tsid="15600"/>
		<transponder frequency="11642000" symbol_rate="27500000" polarization="0" fec_inner="3" system="1" modulation="2" onid="318" tsid="15700"/>
		<transponder frequency="11662000" symbol_rate="27500000" polarization="1" fec_inner="3" system="1" modulation="2" onid="318" tsid="15800"/>
		<transponder frequency="11681000" symbol_rate="27500000" polarization="0" fec_inner="3" system="1" modulation="2" onid="319" tsid="15900"/>
		<transponder frequency="11727000" symbol_rate="29900000" polarization="1" fec_inner="3" system="1" modulation="2" onid="318" tsid="5000"/>
		<transponder frequency="11747000" symbol_rate="27500000" polarization="0" fec_inner="3" system="1" modulation="2" onid="318" tsid="5103"/>
		<transponder frequency="11766000" symbol_rate="29900000" polarization="1" fec_inner="3" system="1" modulation="2" onid="318" tsid="5200"/>
		<transponder frequency="11785000" symbol_rate="29900000" polarization="0" fec_inner="4" system="1" modulation="1" onid="64511" tsid="5300"/>
		<transponder frequency="11823000" symbol_rate="27500000" polarization="0" fec_inner="3" system="1" modulation="2" onid="318" tsid="5500"/>
		<transponder frequency="11843000" symbol_rate="29900000" polarization="1" fec_inner="4" system="1" modulation="1" onid="64511" tsid="5600"/>
		<transponder frequency="11862000" symbol_rate="29900000" polarization="0" fec_inner="4" system="1" modulation="1" onid="64511" tsid="5700"/>
		<transponder frequency="11881000" symbol_rate="27500000" polarization="1" fec_inner="3" system="0" modulation="1" onid="64511" tsid="5800"/>
		<transponder frequency="11900000" symbol_rate="29900000" polarization="0" fec_inner="4" system="1" modulation="1" onid="64511" tsid="5900"/>
		<transponder frequency="11919000" symbol_rate="29900000" polarization="1" fec_inner="4" system="0" modulation="1" onid="272" tsid="6000"/>
		<transponder frequency="11938000" symbol_rate="27500000" polarization="0" fec_inner="3" system="1" modulation="2" onid="318" tsid="6100"/>
		<transponder frequency="11958000" symbol_rate="27500000" polarization="1" fec_inner="3" system="0" modulation="1" onid="64511" tsid="6200"/>
		<transponder frequency="11977000" symbol_rate="29900000" polarization="0" fec_inner="4" system="1" modulation="1" onid="64511" tsid="6300"/>
		<transponder frequency="11996000" symbol_rate="29900000" polarization="1" fec_inner="4" system="1" modulation="1" onid="64511" tsid="6400"/>
		<transponder frequency="12015000" symbol_rate="27500000" polarization="0" fec_inner="3" system="1" modulation="2" onid="318" tsid="6500"/>
		<transponder frequency="12034000" symbol_rate="29900000" polarization="1" fec_inner="4" system="1" modulation="1" onid="64511" tsid="6600"/>
		<transponder frequency="12054000" symbol_rate="29900000" polarization="0" fec_inner="4" system="1" modulation="1" onid="64511" tsid="6700"/>
		<transponder frequency="12073000" symbol_rate="29900000" polarization="1" fec_inner="4" system="1" modulation="1" onid="64511" tsid="6800"/>
		<transponder frequency="12092000" symbol_rate="29900000" polarization="0" fec_inner="3" system="1" modulation="2" onid="64511" tsid="6900"/>
		<transponder frequency="12111000" symbol_rate="27500000" polarization="1" fec_inner="3" system="0" modulation="1" onid="318" tsid="7000"/>
		<transponder frequency="12130000" symbol_rate="27500000" polarization="0" fec_inner="3" system="1" modulation="2" onid="318" tsid="7100"/>
		<transponder frequency="12149000" symbol_rate="27500000" polarization="1" fec_inner="3" system="0" modulation="1" onid="318" tsid="7200"/>
		<transponder frequency="12169000" symbol_rate="27500000" polarization="0" fec_inner="3" system="1" modulation="2" onid="318" tsid="7300"/>
		<transponder frequency="12188000" symbol_rate="27500000" polarization="1" fec_inner="3" system="1" modulation="2" onid="113" tsid="7400"/>
		<transponder frequency="12206000" symbol_rate="29900000" polarization="0" fec_inner="4" system="1" modulation="1" onid="64511" tsid="7500"/>
		<transponder frequency="12207000" symbol_rate="29900000" polarization="0" fec_inner="4" system="1" modulation="1" onid="64511" tsid="7500"/>
		<transponder frequency="12226000" symbol_rate="27500000" polarization="1" fec_inner="3" system="0" modulation="1" onid="1" tsid="101"/>
		<transponder frequency="12245000" symbol_rate="29900000" polarization="0" fec_inner="4" system="1" modulation="1" onid="64511" tsid="7700"/>
		<transponder frequency="12265000" symbol_rate="27500000" polarization="1" fec_inner="3" system="1" modulation="2" onid="113" tsid="7800"/>
		<transponder frequency="12284000" symbol_rate="27500000" polarization="0" fec_inner="3" system="1" modulation="2" onid="113" tsid="7900"/>
		<transponder frequency="12303000" symbol_rate="27500000" polarization="1" fec_inner="3" system="1" modulation="2" onid="318" tsid="8000"/>
		<transponder frequency="12322000" symbol_rate="27500000" polarization="0" fec_inner="3" system="0" modulation="1" onid="318" tsid="8100"/>
		<transponder frequency="12341000" symbol_rate="29900000" polarization="1" fec_inner="4" system="1" modulation="1" onid="64511" tsid="8200"/>
		<transponder frequency="12360000" symbol_rate="29900000" polarization="0" fec_inner="4" system="1" modulation="1" onid="64511" tsid="8300"/>
		<transponder frequency="12399000" symbol_rate="29700000" polarization="0" fec_inner="2" system="1" modulation="2" onid="318" tsid="8500"/>
		<transponder frequency="12418000" symbol_rate="29900000" polarization="1" fec_inner="4" system="1" modulation="1" onid="64511" tsid="8600"/>
		<transponder frequency="12466000" symbol_rate="29900000" polarization="1" fec_inner="4" system="1" modulation="1" onid="64511" tsid="8800"/>
		<transponder frequency="12476000" symbol_rate="29900000" polarization="0" fec_inner="3" system="1" modulation="2" onid="318" tsid="8900"/>
		<transponder frequency="12520000" symbol_rate="27500000" polarization="1" fec_inner="4" system="1" modulation="1" onid="318" tsid="9000"/>
		<transponder frequency="12539000" symbol_rate="30000000" polarization="0" fec_inner="4" system="1" modulation="2" onid="318" tsid="9100"/>
		<transponder frequency="12558000" symbol_rate="27500000" polarization="1" fec_inner="4" system="1" modulation="2" onid="318" tsid="9200"/>
		<transponder frequency="12577000" symbol_rate="27500000" polarization="0" fec_inner="3" system="1" modulation="2" onid="318" tsid="9300"/>
		<transponder frequency="12597000" symbol_rate="27500000" polarization="1" fec_inner="3" system="0" modulation="1" onid="318" tsid="9400"/>
		<transponder frequency="12692000" symbol_rate="27500000" polarization="0" fec_inner="3" system="1" modulation="2" onid="319" tsid="9900"/>
	</sat>
</satellites>
