<?xml version="1.0" encoding="iso-8859-1"?>
<!-- File generated by Morpheus883's xml generator -->
<satellites>
	<sat name="Hot Bird 13 F/G (13.0E)" flags="1" position="130">
		<transponder frequency="10719000" symbol_rate="27500000" polarization="1" fec_inner="3" system="1" modulation="2" onid="318" tsid="11000"/>
		<transponder frequency="10727000" symbol_rate="30000000" polarization="0" fec_inner="3" system="1" modulation="2" onid="318" tsid="11100"/>
		<transponder frequency="10758000" symbol_rate="27500000" polarization="1" fec_inner="3" system="1" modulation="2" onid="318" tsid="11200"/>
		<transponder frequency="10775000" symbol_rate="29900000" polarization="0" fec_inner="2" system="1" modulation="2" onid="318" tsid="11300"/>
		<transponder frequency="10796000" symbol_rate="27500000" polarization="1" fec_inner="3" system="1" modulation="2" onid="318" tsid="11400"/>
		<transponder frequency="10802000" symbol_rate="7200000" polarization="0" fec_inner="3" system="1" modulation="2" onid="8" tsid="1"/>
		<transponder frequency="10810000" symbol_rate="7200000" polarization="0" fec_inner="3" system="1" modulation="2" onid="0" tsid="160"/>
		<transponder frequency="10828000" symbol_rate="7200000" polarization="0" fec_inner="3" system="1" modulation="2" onid="0" tsid="0"/>
		<transponder frequency="10829000" symbol_rate="7200000" polarization="1" fec_inner="3" system="1" modulation="2" onid="65280" tsid="1"/>
		<transponder frequency="10839000" symbol_rate="7200000" polarization="1" fec_inner="3" system="1" modulation="2" onid="111" tsid="0"/>
		<transponder frequency="10873000" symbol_rate="27500000" polarization="1" fec_inner="3" system="1" modulation="2" onid="176" tsid="11800"/>
		<transponder frequency="10892000" symbol_rate="27500000" polarization="0" fec_inner="3" system="1" modulation="2" onid="319" tsid="11900"/>
		<transponder frequency="10911000" symbol_rate="27500000" polarization="1" fec_inner="3" system="1" modulation="2" onid="318" tsid="12000"/>
		<transponder frequency="10930000" symbol_rate="30000000" polarization="0" fec_inner="2" system="1" modulation="2" onid="318" tsid="12100"/>
		<transponder frequency="10949000" symbol_rate="27500000" polarization="1" fec_inner="2" system="1" modulation="2" onid="318" tsid="12200"/>
		<transponder frequency="10971000" symbol_rate="29700000" polarization="0" fec_inner="2" system="1" modulation="2" onid="318" tsid="12300"/>
		<transponder frequency="10992000" symbol_rate="27500000" polarization="1" fec_inner="2" system="0" modulation="1" onid="318" tsid="12400"/>
		<transponder frequency="11013000" symbol_rate="29900000" polarization="0" fec_inner="3" system="1" modulation="2" onid="318" tsid="12500"/>
		<transponder frequency="11034000" symbol_rate="27500000" polarization="1" fec_inner="3" system="0" modulation="1" onid="318" tsid="12600"/>
		<transponder frequency="11075000" symbol_rate="30000000" polarization="1" fec_inner="3" system="1" modulation="2" onid="318" tsid="12800"/>
		<transponder frequency="11096000" symbol_rate="30000000" polarization="0" fec_inner="2" system="1" modulation="2" onid="318" tsid="12900"/>
		<transponder frequency="11117000" symbol_rate="27500000" polarization="1" fec_inner="3" system="1" modulation="2" onid="318" tsid="13000"/>
		<transponder frequency="11137000" symbol_rate="27500000" polarization="0" fec_inner="3" system="0" modulation="1" onid="318" tsid="13100"/>
		<transponder frequency="11158000" symbol_rate="27500000" polarization="1" fec_inner="3" system="1" modulation="2" onid="113" tsid="13200"/>
		<transponder frequency="11179000" symbol_rate="27500000" polarization="0" fec_inner="2" system="1" modulation="2" onid="318" tsid="13300"/>
		<transponder frequency="11190000" symbol_rate="14400000" polarization="1" fec_inner="7" system="1" modulation="2" onid="65535" tsid="19"/>
		<transponder frequency="11193000" symbol_rate="7200000" polarization="1" fec_inner="3" system="1" modulation="2" onid="1" tsid="1"/>
		<transponder frequency="11203000" symbol_rate="7200000" polarization="1" fec_inner="3" system="1" modulation="2" onid="65535" tsid="1"/>
		<transponder frequency="11209000" symbol_rate="7200000" polarization="1" fec_inner="3" system="1" modulation="2" onid="1" tsid="1"/>
		<transponder frequency="11211000" symbol_rate="9600000" polarization="1" fec_inner="3" system="1" modulation="2" onid="1" tsid="1"/>
		<transponder frequency="11240000" symbol_rate="27500000" polarization="1" fec_inner="4" system="1" modulation="2" onid="318" tsid="200"/>
		<transponder frequency="11258000" symbol_rate="27500000" polarization="0" fec_inner="3" system="1" modulation="2" onid="318" tsid="300"/>
		<transponder frequency="11278000" symbol_rate="27500000" polarization="1" fec_inner="4" system="1" modulation="2" onid="318" tsid="400"/>
		<transponder frequency="11296000" symbol_rate="27500000" polarization="0" fec_inner="4" system="0" modulation="1" onid="252" tsid="500"/>
		<transponder frequency="11334000" symbol_rate="27500000" polarization="0" fec_inner="3" system="1" modulation="2" onid="318" tsid="700"/>
		<transponder frequency="11355000" symbol_rate="27500000" polarization="1" fec_inner="3" system="1" modulation="2" onid="1" tsid="3079"/>
		<transponder frequency="11373000" symbol_rate="27500000" polarization="0" fec_inner="3" system="1" modulation="2" onid="318" tsid="900"/>
		<transponder frequency="11393000" symbol_rate="27500000" polarization="1" fec_inner="3" system="1" modulation="2" onid="318" tsid="1000"/>
		<transponder frequency="11411000" symbol_rate="27500000" polarization="0" fec_inner="4" system="1" modulation="2" onid="318" tsid="1100"/>
		<transponder frequency="11432000" symbol_rate="29900000" polarization="1" fec_inner="3" system="1" modulation="2" onid="272" tsid="1200"/>
		<transponder frequency="11449000" symbol_rate="27500000" polarization="0" fec_inner="4" system="1" modulation="2" onid="318" tsid="1300"/>
		<transponder frequency="11470000" symbol_rate="33000000" polarization="1" fec_inner="2" system="1" modulation="2" onid="1" tsid="1002"/>
		<transponder frequency="11488000" symbol_rate="27500000" polarization="0" fec_inner="4" system="1" modulation="2" onid="318" tsid="1500"/>
		<transponder frequency="11508000" symbol_rate="27500000" polarization="1" fec_inner="3" system="1" modulation="2" onid="318" tsid="1600"/>
		<transponder frequency="11526000" symbol_rate="33000000" polarization="0" fec_inner="2" system="1" modulation="2" onid="2" tsid="2003"/>
		<transponder frequency="11566000" symbol_rate="29900000" polarization="0" fec_inner="3" system="1" modulation="2" onid="318" tsid="15300"/>
		<transponder frequency="11585000" symbol_rate="27500000" polarization="1" fec_inner="4" system="1" modulation="2" onid="318" tsid="15400"/>
		<transponder frequency="11615000" symbol_rate="14400000" polarization="1" fec_inner="3" system="1" modulation="2" onid="65535" tsid="21"/>
		<transponder frequency="11642000" symbol_rate="27500000" polarization="0" fec_inner="3" system="1" modulation="2" onid="318" tsid="15700"/>
		<transponder frequency="11662000" symbol_rate="27500000" polarization="1" fec_inner="3" system="1" modulation="2" onid="318" tsid="15800"/>
		<transponder frequency="11681000" symbol_rate="27500000" polarization="0" fec_inner="3" system="1" modulation="2" onid="319" tsid="15900"/>
		<transponder frequency="11727000" symbol_rate="29900000" polarization="1" fec_inner="3" system="1" modulation="2" onid="318" tsid="5000"/>
		<transponder frequency="11747000" symbol_rate="27500000" polarization="0" fec_inner="3" system="1" modulation="2" onid="318" tsid="5103"/>
		<transponder frequency="11766000" symbol_rate="29900000" polarization="1" fec_inner="3" system="1" modulation="2" onid="318" tsid="5200"/>
		<transponder frequency="11785000" symbol_rate="27500000" polarization="0" fec_inner="3" system="1" modulation="2" onid="318" tsid="5300"/>
		<transponder frequency="11804000" symbol_rate="30000000" polarization="1" fec_inner="4" system="1" modulation="2" onid="318" tsid="5400"/>
		<transponder frequency="11823000" symbol_rate="27500000" polarization="0" fec_inner="3" system="1" modulation="2" onid="318" tsid="5500"/>
		<transponder frequency="11843000" symbol_rate="29900000" polarization="1" fec_inner="3" system="1" modulation="2" onid="64511" tsid="5600"/>
		<transponder frequency="11862000" symbol_rate="29900000" polarization="0" fec_inner="4" system="1" modulation="1" onid="64511" tsid="5700"/>
		<transponder frequency="11881000" symbol_rate="27500000" polarization="1" fec_inner="3" system="0" modulation="1" onid="64511" tsid="5800"/>
		<transponder frequency="11900000" symbol_rate="27500000" polarization="0" fec_inner="3" system="1" modulation="2" onid="319" tsid="5900"/>
		<transponder frequency="11919000" symbol_rate="29900000" polarization="1" fec_inner="3" system="1" modulation="2" onid="190" tsid="6000"/>
		<transponder frequency="11938000" symbol_rate="30000000" polarization="0" fec_inner="4" system="1" modulation="2" onid="318" tsid="6100"/>
		<transponder frequency="11958000" symbol_rate="27500000" polarization="1" fec_inner="3" system="0" modulation="1" onid="64511" tsid="6200"/>
		<transponder frequency="11977000" symbol_rate="29900000" polarization="0" fec_inner="3" system="1" modulation="2" onid="64511" tsid="6300"/>
		<transponder frequency="11996000" symbol_rate="29900000" polarization="1" fec_inner="4" system="1" modulation="1" onid="64511" tsid="6400"/>
		<transponder frequency="12015000" symbol_rate="27500000" polarization="0" fec_inner="3" system="1" modulation="2" onid="318" tsid="6500"/>
		<transponder frequency="12034000" symbol_rate="29900000" polarization="1" fec_inner="3" system="1" modulation="2" onid="64511" tsid="6600"/>
		<transponder frequency="12054000" symbol_rate="29900000" polarization="0" fec_inner="4" system="1" modulation="1" onid="64511" tsid="6700"/>
		<transponder frequency="12073000" symbol_rate="29900000" polarization="1" fec_inner="3" system="1" modulation="2" onid="64511" tsid="6800"/>
		<transponder frequency="12111000" symbol_rate="27500000" polarization="1" fec_inner="3" system="0" modulation="1" onid="318" tsid="7000"/>
		<transponder frequency="12130000" symbol_rate="30000000" polarization="0" fec_inner="4" system="1" modulation="2" onid="318" tsid="7100"/>
		<transponder frequency="12149000" symbol_rate="27500000" polarization="1" fec_inner="3" system="0" modulation="1" onid="318" tsid="7200"/>
		<transponder frequency="12169000" symbol_rate="30000000" polarization="0" fec_inner="4" system="1" modulation="2" onid="318" tsid="7300"/>
		<transponder frequency="12188000" symbol_rate="27500000" polarization="1" fec_inner="3" system="1" modulation="2" onid="113" tsid="7400"/>
		<transponder frequency="12207000" symbol_rate="29900000" polarization="0" fec_inner="4" system="1" modulation="1" onid="318" tsid="7500"/>
		<transponder frequency="12226000" symbol_rate="27500000" polarization="1" fec_inner="3" system="0" modulation="1" onid="318" tsid="7600"/>
		<transponder frequency="12265000" symbol_rate="27500000" polarization="1" fec_inner="3" system="1" modulation="2" onid="113" tsid="7800"/>
		<transponder frequency="12284000" symbol_rate="27500000" polarization="0" fec_inner="3" system="1" modulation="2" onid="113" tsid="7900"/>
		<transponder frequency="12303000" symbol_rate="27500000" polarization="1" fec_inner="3" system="1" modulation="2" onid="318" tsid="8000"/>
		<transponder frequency="12322000" symbol_rate="27500000" polarization="0" fec_inner="3" system="0" modulation="1" onid="318" tsid="8100"/>
		<transponder frequency="12341000" symbol_rate="29900000" polarization="1" fec_inner="4" system="1" modulation="1" onid="64511" tsid="8200"/>
		<transponder frequency="12360000" symbol_rate="27500000" polarization="0" fec_inner="3" system="1" modulation="2" onid="318" tsid="8300"/>
		<transponder frequency="12380000" symbol_rate="30000000" polarization="1" fec_inner="4" system="1" modulation="2" onid="318" tsid="8400"/>
		<transponder frequency="12399000" symbol_rate="29700000" polarization="0" fec_inner="2" system="1" modulation="2" onid="318" tsid="8500"/>
		<transponder frequency="12418000" symbol_rate="29900000" polarization="1" fec_inner="3" system="1" modulation="2" onid="64511" tsid="8600"/>
		<transponder frequency="12466000" symbol_rate="29900000" polarization="1" fec_inner="3" system="1" modulation="2" onid="64511" tsid="8800"/>
		<transponder frequency="12476000" symbol_rate="29900000" polarization="0" fec_inner="3" system="1" modulation="2" onid="318" tsid="8900"/>
		<transponder frequency="12520000" symbol_rate="27500000" polarization="1" fec_inner="2" system="1" modulation="2" onid="318" tsid="9000"/>
		<transponder frequency="12558000" symbol_rate="27500000" polarization="1" fec_inner="4" system="1" modulation="2" onid="318" tsid="9200"/>
		<transponder frequency="12577000" symbol_rate="27500000" polarization="0" fec_inner="3" system="1" modulation="2" onid="318" tsid="9300"/>
		<transponder frequency="12583000" symbol_rate="9600000" polarization="1" fec_inner="3" system="1" modulation="2" onid="1" tsid="1"/>
		<transponder frequency="12584000" symbol_rate="9800000" polarization="1" fec_inner="3" system="1" modulation="2" onid="65535" tsid="1"/>
		<transponder frequency="12592000" symbol_rate="21600000" polarization="1" fec_inner="3" system="1" modulation="2" onid="65535" tsid="18"/>
		<transponder frequency="12596000" symbol_rate="9800000" polarization="1" fec_inner="3" system="1" modulation="2" onid="65535" tsid="1"/>
		<transponder frequency="12600000" symbol_rate="7200000" polarization="1" fec_inner="3" system="1" modulation="2" onid="1" tsid="1"/>
		<transponder frequency="12604000" symbol_rate="14240000" polarization="1" fec_inner="3" system="1" modulation="2" onid="200" tsid="1"/>
		<transponder frequency="12608000" symbol_rate="9800000" polarization="1" fec_inner="3" system="1" modulation="2" onid="65535" tsid="1"/>
		<transponder frequency="12616000" symbol_rate="30000000" polarization="0" fec_inner="4" system="1" modulation="2" onid="213" tsid="9500"/>
		<transponder frequency="12635000" symbol_rate="30000000" polarization="1" fec_inner="4" system="1" modulation="2" onid="213" tsid="9600"/>
		<transponder frequency="12654000" symbol_rate="30000000" polarization="0" fec_inner="4" system="1" modulation="2" onid="213" tsid="9700"/>
		<transponder frequency="12673000" symbol_rate="30000000" polarization="1" fec_inner="4" system="1" modulation="2" onid="213" tsid="9800"/>
		<transponder frequency="12692000" symbol_rate="27500000" polarization="0" fec_inner="3" system="1" modulation="2" onid="319" tsid="9900"/>
		<transponder frequency="12713000" symbol_rate="30000000" polarization="1" fec_inner="4" system="1" modulation="2" onid="213" tsid="10000"/>
		<transponder frequency="12731000" symbol_rate="30000000" polarization="0" fec_inner="4" system="1" modulation="2" onid="318" tsid="10100"/>
	</sat>
	<sat name="Eutelsat 16A (16.0E)" flags="1" position="160">
		<transponder frequency="10721000" symbol_rate="30000000" polarization="0" fec_inner="3" system="1" modulation="2" onid="366" tsid="20100"/>
		<transponder frequency="10762000" symbol_rate="30000000" polarization="0" fec_inner="7" system="1" modulation="2" onid="366" tsid="20300"/>
		<transponder frequency="10804000" symbol_rate="29950000" polarization="0" fec_inner="2" system="1" modulation="2" onid="366" tsid="20500"/>
		<transponder frequency="10845000" symbol_rate="30000000" polarization="0" fec_inner="7" system="1" modulation="2" onid="366" tsid="20700"/>
		<transponder frequency="10887000" symbol_rate="30000000" polarization="0" fec_inner="7" system="1" modulation="2" onid="366" tsid="20900"/>
		<transponder frequency="10928000" symbol_rate="30000000" polarization="0" fec_inner="7" system="1" modulation="2" onid="366" tsid="21100"/>
		<transponder frequency="10973000" symbol_rate="3000000" polarization="0" fec_inner="3" system="1" modulation="2" onid="65535" tsid="1"/>
		<transponder frequency="11022000" symbol_rate="7200000" polarization="1" fec_inner="3" system="1" modulation="2" onid="65535" tsid="1"/>
		<transponder frequency="11053000" symbol_rate="365000" polarization="0" fec_inner="3" system="0" modulation="1" onid="1" tsid="17152"/>
		<transponder frequency="11054000" symbol_rate="176000" polarization="0" fec_inner="1" system="0" modulation="1" onid="17629" tsid="17629"/>
		<transponder frequency="11055000" symbol_rate="354000" polarization="0" fec_inner="2" system="0" modulation="1" onid="53810" tsid="53810"/>
		<transponder frequency="11055000" symbol_rate="27500000" polarization="1" fec_inner="8" system="1" modulation="1" onid="366" tsid="30400"/>
		<transponder frequency="11094000" symbol_rate="27500000" polarization="1" fec_inner="8" system="1" modulation="1" onid="366" tsid="30401"/>
		<transponder frequency="11139000" symbol_rate="5000000" polarization="0" fec_inner="4" system="1" modulation="2" onid="1" tsid="1"/>
		<transponder frequency="11139000" symbol_rate="27500000" polarization="1" fec_inner="7" system="1" modulation="2" onid="366" tsid="52012"/>
		<transponder frequency="11153000" symbol_rate="7200000" polarization="0" fec_inner="3" system="1" modulation="2" onid="1" tsid="1"/>
		<transponder frequency="11178000" symbol_rate="27500000" polarization="1" fec_inner="7" system="1" modulation="2" onid="366" tsid="52011"/>
		<transponder frequency="11216000" symbol_rate="22500000" polarization="0" fec_inner="3" system="1" modulation="2" onid="65315" tsid="103"/>
		<transponder frequency="11231000" symbol_rate="42000000" polarization="1" fec_inner="4" system="1" modulation="1" onid="366" tsid="40200"/>
		<transponder frequency="11234000" symbol_rate="7500000" polarization="0" fec_inner="2" system="1" modulation="0" onid="366" tsid="40100"/>
		<transponder frequency="11262000" symbol_rate="30000000" polarization="0" fec_inner="2" system="1" modulation="2" onid="366" tsid="1"/>
		<transponder frequency="11283000" symbol_rate="30000000" polarization="1" fec_inner="2" system="1" modulation="2" onid="366" tsid="40400"/>
		<transponder frequency="11324000" symbol_rate="30000000" polarization="1" fec_inner="2" system="1" modulation="2" onid="366" tsid="40600"/>
		<transponder frequency="11366000" symbol_rate="30000000" polarization="1" fec_inner="3" system="1" modulation="2" onid="366" tsid="40800"/>
		<transponder frequency="11387000" symbol_rate="32000000" polarization="0" fec_inner="3" system="1" modulation="2" onid="366" tsid="40900"/>
		<transponder frequency="11401000" symbol_rate="17500000" polarization="1" fec_inner="3" system="1" modulation="2" onid="0" tsid="400"/>
		<transponder frequency="11429000" symbol_rate="28330000" polarization="1" fec_inner="7" system="1" modulation="2" onid="366" tsid="41000"/>
		<transponder frequency="11471000" symbol_rate="30000000" polarization="0" fec_inner="3" system="1" modulation="2" onid="366" tsid="50100"/>
		<transponder frequency="11471000" symbol_rate="30000000" polarization="1" fec_inner="4" system="1" modulation="2" onid="366" tsid="50200"/>
		<transponder frequency="11512000" symbol_rate="30000000" polarization="0" fec_inner="3" system="1" modulation="2" onid="64" tsid="1"/>
		<transponder frequency="11512000" symbol_rate="29950000" polarization="1" fec_inner="2" system="1" modulation="2" onid="1" tsid="200"/>
		<transponder frequency="11554000" symbol_rate="30000000" polarization="0" fec_inner="3" system="1" modulation="2" onid="366" tsid="50500"/>
		<transponder frequency="11554000" symbol_rate="30000000" polarization="1" fec_inner="4" system="1" modulation="2" onid="366" tsid="50600"/>
		<transponder frequency="11582000" symbol_rate="7200000" polarization="1" fec_inner="3" system="1" modulation="2" onid="65535" tsid="1"/>
		<transponder frequency="11595000" symbol_rate="30000000" polarization="0" fec_inner="3" system="1" modulation="2" onid="64" tsid="2"/>
		<transponder frequency="11595000" symbol_rate="30000000" polarization="1" fec_inner="4" system="1" modulation="2" onid="366" tsid="30203"/>
		<transponder frequency="11637000" symbol_rate="30000000" polarization="0" fec_inner="4" system="1" modulation="2" onid="366" tsid="50900"/>
		<transponder frequency="11637000" symbol_rate="30000000" polarization="1" fec_inner="2" system="1" modulation="2" onid="366" tsid="51000"/>
		<transponder frequency="11678000" symbol_rate="30000000" polarization="0" fec_inner="3" system="1" modulation="2" onid="64" tsid="3"/>
		<transponder frequency="11678000" symbol_rate="30000000" polarization="1" fec_inner="3" system="1" modulation="2" onid="366" tsid="30204"/>
		<transponder frequency="12514000" symbol_rate="3165000" polarization="0" fec_inner="2" system="1" modulation="2" onid="1" tsid="1"/>
		<transponder frequency="12522000" symbol_rate="10833000" polarization="1" fec_inner="7" system="1" modulation="2" onid="366" tsid="1"/>
		<transponder frequency="12535000" symbol_rate="3165000" polarization="0" fec_inner="2" system="1" modulation="2" onid="65535" tsid="1"/>
		<transponder frequency="12537000" symbol_rate="13910000" polarization="1" fec_inner="3" system="1" modulation="2" onid="8292" tsid="5300" is_id="3" pls_code="210115" pls_mode="1"/>
		<transponder frequency="12538000" symbol_rate="3166000" polarization="0" fec_inner="2" system="1" modulation="2" onid="65535" tsid="1"/>
		<transponder frequency="12541000" symbol_rate="3165000" polarization="0" fec_inner="2" system="1" modulation="2" onid="65535" tsid="1"/>
		<transponder frequency="12543000" symbol_rate="3166000" polarization="0" fec_inner="2" system="1" modulation="2" onid="1" tsid="1"/>
		<transponder frequency="12547000" symbol_rate="3165000" polarization="0" fec_inner="2" system="1" modulation="2" onid="65535" tsid="1"/>
		<transponder frequency="12549000" symbol_rate="6332000" polarization="0" fec_inner="3" system="1" modulation="2" onid="1" tsid="1"/>
		<transponder frequency="12552000" symbol_rate="9500000" polarization="0" fec_inner="4" system="1" modulation="2" onid="0" tsid="0"/>
		<transponder frequency="12555000" symbol_rate="3166000" polarization="0" fec_inner="2" system="1" modulation="2" onid="1" tsid="1"/>
		<transponder frequency="12556000" symbol_rate="2815000" polarization="0" fec_inner="3" system="0" modulation="1" onid="65535" tsid="1"/>
		<transponder frequency="12559000" symbol_rate="3166000" polarization="0" fec_inner="2" system="1" modulation="2" onid="1" tsid="1"/>
		<transponder frequency="12563000" symbol_rate="3703000" polarization="0" fec_inner="5" system="0" modulation="1" onid="65535" tsid="1"/>
		<transponder frequency="12567000" symbol_rate="405000" polarization="0" fec_inner="7" system="1" modulation="2" onid="21411" tsid="21411"/>
		<transponder frequency="12568000" symbol_rate="16667000" polarization="1" fec_inner="7" system="1" modulation="1" onid="366" tsid="17022"/>
		<transponder frequency="12589000" symbol_rate="7200000" polarization="0" fec_inner="3" system="1" modulation="2" onid="65535" tsid="66"/>
		<transponder frequency="12592000" symbol_rate="7200000" polarization="0" fec_inner="3" system="1" modulation="2" onid="0" tsid="0"/>
		<transponder frequency="12593000" symbol_rate="2500000" polarization="1" fec_inner="2" system="0" modulation="1" onid="1" tsid="2680"/>
		<transponder frequency="12597000" symbol_rate="4937000" polarization="1" fec_inner="3" system="1" modulation="2" onid="0" tsid="0"/>
		<transponder frequency="12601000" symbol_rate="7200000" polarization="0" fec_inner="3" system="1" modulation="2" onid="1" tsid="0"/>
		<transponder frequency="12609000" symbol_rate="7200000" polarization="0" fec_inner="3" system="1" modulation="2" onid="65535" tsid="1"/>
		<transponder frequency="12618000" symbol_rate="9600000" polarization="0" fec_inner="3" system="1" modulation="2" onid="1" tsid="1"/>
		<transponder frequency="12625000" symbol_rate="3615000" polarization="0" fec_inner="3" system="0" modulation="1" onid="65535" tsid="1"/>
		<transponder frequency="12630000" symbol_rate="3615000" polarization="0" fec_inner="2" system="1" modulation="1" onid="0" tsid="0"/>
		<transponder frequency="12643000" symbol_rate="27500000" polarization="1" fec_inner="2" system="1" modulation="2" onid="5" tsid="500"/>
		<transponder frequency="12648000" symbol_rate="5000000" polarization="0" fec_inner="3" system="1" modulation="2" onid="1" tsid="1"/>
		<transponder frequency="12656000" symbol_rate="7200000" polarization="0" fec_inner="3" system="1" modulation="2" onid="1" tsid="0"/>
		<transponder frequency="12674000" symbol_rate="2930000" polarization="0" fec_inner="3" system="0" modulation="1" onid="0" tsid="0"/>
		<transponder frequency="12680000" symbol_rate="334000" polarization="0" fec_inner="1" system="0" modulation="1" onid="17627" tsid="17627"/>
		<transponder frequency="12682000" symbol_rate="7425000" polarization="0" fec_inner="2" system="1" modulation="2" onid="1" tsid="1"/>
		<transponder frequency="12694000" symbol_rate="2222000" polarization="0" fec_inner="8" system="1" modulation="1" onid="1" tsid="1"/>
		<transponder frequency="12699000" symbol_rate="9880000" polarization="0" fec_inner="2" system="0" modulation="1" onid="1" tsid="101"/>
		<transponder frequency="12704000" symbol_rate="6000000" polarization="1" fec_inner="3" system="1" modulation="2" onid="0" tsid="0"/>
		<transponder frequency="12712000" symbol_rate="2670000" polarization="0" fec_inner="7" system="1" modulation="2" onid="65280" tsid="1"/>
		<transponder frequency="12713000" symbol_rate="2400000" polarization="1" fec_inner="3" system="1" modulation="2" onid="0" tsid="0"/>
		<transponder frequency="12717000" symbol_rate="2400000" polarization="1" fec_inner="3" system="1" modulation="2" onid="0" tsid="0"/>
		<transponder frequency="12719000" symbol_rate="5000000" polarization="0" fec_inner="3" system="1" modulation="2" onid="100" tsid="100"/>
		<transponder frequency="12724000" symbol_rate="4100000" polarization="0" fec_inner="3" system="1" modulation="1" onid="65535" tsid="101"/>
		<transponder frequency="12728000" symbol_rate="2600000" polarization="0" fec_inner="2" system="1" modulation="2" onid="0" tsid="160"/>
		<transponder frequency="12731000" symbol_rate="1697000" polarization="0" fec_inner="2" system="1" modulation="2" onid="0" tsid="1"/>
		<transponder frequency="12734000" symbol_rate="3780000" polarization="0" fec_inner="8" system="1" modulation="2" onid="3" tsid="11"/>
		<transponder frequency="12737000" symbol_rate="2400000" polarization="1" fec_inner="3" system="1" modulation="2" onid="1" tsid="1"/>
		<transponder frequency="12738000" symbol_rate="2666000" polarization="0" fec_inner="7" system="1" modulation="2" onid="65280" tsid="1"/>
		<transponder frequency="12740000" symbol_rate="2400000" polarization="1" fec_inner="3" system="1" modulation="2" onid="0" tsid="0"/>
		<transponder frequency="12743000" symbol_rate="2400000" polarization="1" fec_inner="3" system="1" modulation="2" onid="1" tsid="1"/>
	</sat>
</satellites>
