<?xml version="1.0" encoding="iso-8859-1"?>
<!-- File generated by Morpheus883's xml generator -->
<satellites>
	<sat name="Hot Bird 13B/13C/13E (13.0E)" flags="1" position="130">
		<transponder frequency="10719000" symbol_rate="27500000" polarization="1" fec_inner="3" system="1" modulation="2" onid="318" tsid="11000"/>
		<transponder frequency="10727000" symbol_rate="30000000" polarization="0" fec_inner="3" system="1" modulation="2" onid="318" tsid="11100"/>
		<transponder frequency="10758000" symbol_rate="27500000" polarization="1" fec_inner="3" system="1" modulation="2" onid="318" tsid="11200"/>
		<transponder frequency="10775000" symbol_rate="29900000" polarization="0" fec_inner="7" system="1" modulation="2" onid="318" tsid="11300"/>
		<transponder frequency="10796000" symbol_rate="27500000" polarization="1" fec_inner="3" system="1" modulation="2" onid="318" tsid="11400"/>
		<transponder frequency="10815000" symbol_rate="27500000" polarization="0" fec_inner="4" system="0" modulation="1" onid="318" tsid="11500"/>
		<transponder frequency="10834000" symbol_rate="27500000" polarization="1" fec_inner="3" system="1" modulation="2" onid="318" tsid="11600"/>
		<transponder frequency="10873000" symbol_rate="27500000" polarization="1" fec_inner="3" system="1" modulation="2" onid="176" tsid="11800"/>
		<transponder frequency="10892000" symbol_rate="27500000" polarization="0" fec_inner="3" system="1" modulation="2" onid="318" tsid="11900"/>
		<transponder frequency="10911000" symbol_rate="27500000" polarization="1" fec_inner="3" system="1" modulation="2" onid="318" tsid="12000"/>
		<transponder frequency="10930000" symbol_rate="30000000" polarization="0" fec_inner="2" system="1" modulation="2" onid="318" tsid="12100"/>
		<transponder frequency="10949000" symbol_rate="27500000" polarization="1" fec_inner="3" system="0" modulation="1" onid="318" tsid="12200"/>
		<transponder frequency="10971000" symbol_rate="29700000" polarization="0" fec_inner="2" system="1" modulation="2" onid="318" tsid="12300"/>
		<transponder frequency="10992000" symbol_rate="27500000" polarization="1" fec_inner="2" system="0" modulation="1" onid="318" tsid="12400"/>
		<transponder frequency="11013000" symbol_rate="29900000" polarization="0" fec_inner="3" system="1" modulation="2" onid="318" tsid="12500"/>
		<transponder frequency="11034000" symbol_rate="27500000" polarization="1" fec_inner="3" system="0" modulation="1" onid="318" tsid="12600"/>
		<transponder frequency="11054000" symbol_rate="27500000" polarization="0" fec_inner="4" system="0" modulation="1" onid="318" tsid="12700"/>
		<transponder frequency="11075000" symbol_rate="30000000" polarization="1" fec_inner="3" system="1" modulation="2" onid="318" tsid="12800"/>
		<transponder frequency="11117000" symbol_rate="27500000" polarization="1" fec_inner="3" system="1" modulation="2" onid="318" tsid="13000"/>
		<transponder frequency="11137000" symbol_rate="27500000" polarization="0" fec_inner="3" system="0" modulation="1" onid="318" tsid="13100"/>
		<transponder frequency="11158000" symbol_rate="27500000" polarization="1" fec_inner="3" system="1" modulation="2" onid="113" tsid="13200"/>
		<transponder frequency="11179000" symbol_rate="27500000" polarization="0" fec_inner="3" system="0" modulation="1" onid="318" tsid="13300"/>
		<transponder frequency="11200000" symbol_rate="27500000" polarization="1" fec_inner="4" system="0" modulation="1" onid="318" tsid="13400"/>
		<transponder frequency="11219000" symbol_rate="29900000" polarization="0" fec_inner="3" system="1" modulation="2" onid="85" tsid="94"/>
		<transponder frequency="11240000" symbol_rate="27500000" polarization="1" fec_inner="3" system="0" modulation="1" onid="318" tsid="200"/>
		<transponder frequency="11258000" symbol_rate="27500000" polarization="0" fec_inner="3" system="1" modulation="2" onid="318" tsid="300"/>
		<transponder frequency="11278000" symbol_rate="27500000" polarization="1" fec_inner="3" system="1" modulation="2" onid="318" tsid="400"/>
		<transponder frequency="11296000" symbol_rate="27500000" polarization="0" fec_inner="4" system="0" modulation="1" onid="318" tsid="500"/>
		<transponder frequency="11316000" symbol_rate="27500000" polarization="1" fec_inner="3" system="0" modulation="1" onid="318" tsid="600"/>
		<transponder frequency="11334000" symbol_rate="27500000" polarization="0" fec_inner="3" system="0" modulation="1" onid="318" tsid="700"/>
		<transponder frequency="11355000" symbol_rate="29900000" polarization="1" fec_inner="4" system="0" modulation="1" onid="64511" tsid="800"/>
		<transponder frequency="11373000" symbol_rate="27500000" polarization="0" fec_inner="3" system="1" modulation="2" onid="318" tsid="900"/>
		<transponder frequency="11393000" symbol_rate="27500000" polarization="1" fec_inner="3" system="1" modulation="2" onid="318" tsid="1000"/>
		<transponder frequency="11411000" symbol_rate="27500000" polarization="0" fec_inner="3" system="1" modulation="2" onid="318" tsid="1100"/>
		<transponder frequency="11432000" symbol_rate="29900000" polarization="1" fec_inner="3" system="1" modulation="2" onid="272" tsid="1200"/>
		<transponder frequency="11449000" symbol_rate="27500000" polarization="0" fec_inner="3" system="1" modulation="2" onid="318" tsid="1300"/>
		<transponder frequency="11470000" symbol_rate="27500000" polarization="1" fec_inner="4" system="0" modulation="1" onid="318" tsid="1400"/>
		<transponder frequency="11488000" symbol_rate="27500000" polarization="0" fec_inner="3" system="1" modulation="2" onid="318" tsid="1500"/>
		<transponder frequency="11508000" symbol_rate="27500000" polarization="1" fec_inner="3" system="1" modulation="2" onid="318" tsid="1600"/>
		<transponder frequency="11526000" symbol_rate="29700000" polarization="0" fec_inner="2" system="1" modulation="2" onid="318" tsid="1700"/>
		<transponder frequency="11541000" symbol_rate="22000000" polarization="1" fec_inner="4" system="0" modulation="1" onid="200" tsid="1800"/>
		<transponder frequency="11565000" symbol_rate="29900000" polarization="0" fec_inner="3" system="1" modulation="2" onid="318" tsid="15300"/>
		<transponder frequency="11585000" symbol_rate="27500000" polarization="1" fec_inner="4" system="1" modulation="2" onid="318" tsid="15400"/>
		<transponder frequency="11623000" symbol_rate="27500000" polarization="1" fec_inner="3" system="0" modulation="1" onid="318" tsid="15600"/>
		<transponder frequency="11642000" symbol_rate="27500000" polarization="0" fec_inner="3" system="1" modulation="2" onid="318" tsid="15700"/>
		<transponder frequency="11662000" symbol_rate="27500000" polarization="1" fec_inner="3" system="1" modulation="2" onid="318" tsid="15800"/>
		<transponder frequency="11681000" symbol_rate="27500000" polarization="0" fec_inner="3" system="1" modulation="2" onid="319" tsid="15900"/>
		<transponder frequency="11727000" symbol_rate="29900000" polarization="1" fec_inner="3" system="1" modulation="2" onid="318" tsid="5000"/>
		<transponder frequency="11747000" symbol_rate="27500000" polarization="0" fec_inner="3" system="1" modulation="2" onid="318" tsid="5103"/>
		<transponder frequency="11766000" symbol_rate="29900000" polarization="1" fec_inner="3" system="1" modulation="2" onid="318" tsid="5200"/>
		<transponder frequency="11785000" symbol_rate="29900000" polarization="0" fec_inner="3" system="1" modulation="2" onid="64511" tsid="5300"/>
		<transponder frequency="11804000" symbol_rate="27500000" polarization="1" fec_inner="2" system="0" modulation="1" onid="318" tsid="5400"/>
		<transponder frequency="11823000" symbol_rate="27500000" polarization="0" fec_inner="3" system="1" modulation="2" onid="318" tsid="5500"/>
		<transponder frequency="11842000" symbol_rate="29900000" polarization="1" fec_inner="3" system="1" modulation="2" onid="64511" tsid="5600"/>
		<transponder frequency="11862000" symbol_rate="29900000" polarization="0" fec_inner="4" system="0" modulation="1" onid="64511" tsid="5700"/>
		<transponder frequency="11881000" symbol_rate="27500000" polarization="1" fec_inner="3" system="0" modulation="1" onid="64511" tsid="5800"/>
		<transponder frequency="11900000" symbol_rate="29900000" polarization="0" fec_inner="3" system="1" modulation="2" onid="64511" tsid="5900"/>
		<transponder frequency="11919000" symbol_rate="29900000" polarization="1" fec_inner="4" system="0" modulation="1" onid="272" tsid="6000"/>
		<transponder frequency="11938000" symbol_rate="27500000" polarization="0" fec_inner="3" system="1" modulation="2" onid="318" tsid="6100"/>
		<transponder frequency="11958000" symbol_rate="27500000" polarization="1" fec_inner="3" system="0" modulation="1" onid="64511" tsid="6200"/>
		<transponder frequency="11977000" symbol_rate="29900000" polarization="0" fec_inner="4" system="0" modulation="1" onid="64511" tsid="6300"/>
		<transponder frequency="11996000" symbol_rate="29900000" polarization="1" fec_inner="3" system="1" modulation="2" onid="64511" tsid="6400"/>
		<transponder frequency="12015000" symbol_rate="27500000" polarization="0" fec_inner="3" system="1" modulation="2" onid="318" tsid="6500"/>
		<transponder frequency="12034000" symbol_rate="29900000" polarization="1" fec_inner="4" system="0" modulation="1" onid="64511" tsid="6600"/>
		<transponder frequency="12054000" symbol_rate="29900000" polarization="0" fec_inner="4" system="0" modulation="1" onid="64511" tsid="6700"/>
		<transponder frequency="12073000" symbol_rate="29900000" polarization="1" fec_inner="4" system="0" modulation="1" onid="64511" tsid="6800"/>
		<transponder frequency="12092000" symbol_rate="29900000" polarization="0" fec_inner="3" system="1" modulation="2" onid="64511" tsid="6900"/>
		<transponder frequency="12111000" symbol_rate="27500000" polarization="1" fec_inner="3" system="0" modulation="1" onid="318" tsid="7000"/>
		<transponder frequency="12130000" symbol_rate="27500000" polarization="0" fec_inner="3" system="1" modulation="2" onid="318" tsid="7100"/>
		<transponder frequency="12149000" symbol_rate="27500000" polarization="1" fec_inner="3" system="0" modulation="1" onid="318" tsid="7200"/>
		<transponder frequency="12169000" symbol_rate="27500000" polarization="0" fec_inner="3" system="1" modulation="2" onid="318" tsid="7300"/>
		<transponder frequency="12188000" symbol_rate="27500000" polarization="1" fec_inner="3" system="1" modulation="2" onid="113" tsid="7400"/>
		<transponder frequency="12207000" symbol_rate="29900000" polarization="0" fec_inner="3" system="1" modulation="2" onid="64511" tsid="7500"/>
		<transponder frequency="12225000" symbol_rate="27500000" polarization="1" fec_inner="3" system="0" modulation="1" onid="1" tsid="101"/>
		<transponder frequency="12245000" symbol_rate="29900000" polarization="0" fec_inner="4" system="0" modulation="1" onid="64511" tsid="7700"/>
		<transponder frequency="12264000" symbol_rate="27500000" polarization="1" fec_inner="3" system="1" modulation="2" onid="113" tsid="7800"/>
		<transponder frequency="12284000" symbol_rate="27500000" polarization="0" fec_inner="3" system="1" modulation="2" onid="113" tsid="7900"/>
		<transponder frequency="12303000" symbol_rate="27500000" polarization="1" fec_inner="3" system="1" modulation="2" onid="318" tsid="8000"/>
		<transponder frequency="12322000" symbol_rate="27500000" polarization="0" fec_inner="3" system="0" modulation="1" onid="318" tsid="8100"/>
		<transponder frequency="12341000" symbol_rate="29900000" polarization="1" fec_inner="3" system="1" modulation="2" onid="64511" tsid="8200"/>
		<transponder frequency="12360000" symbol_rate="29900000" polarization="0" fec_inner="3" system="1" modulation="2" onid="64511" tsid="8300"/>
		<transponder frequency="12380000" symbol_rate="27500000" polarization="1" fec_inner="3" system="0" modulation="1" onid="318" tsid="8400"/>
		<transponder frequency="12399000" symbol_rate="29700000" polarization="0" fec_inner="2" system="1" modulation="2" onid="318" tsid="8500"/>
		<transponder frequency="12418000" symbol_rate="29900000" polarization="1" fec_inner="3" system="1" modulation="2" onid="64511" tsid="8600"/>
		<transponder frequency="12437000" symbol_rate="29900000" polarization="0" fec_inner="7" system="1" modulation="2" onid="85" tsid="95"/>
		<transponder frequency="12466000" symbol_rate="29900000" polarization="1" fec_inner="3" system="1" modulation="2" onid="64511" tsid="8800"/>
		<transponder frequency="12475000" symbol_rate="29900000" polarization="0" fec_inner="3" system="1" modulation="2" onid="318" tsid="8900"/>
		<transponder frequency="12520000" symbol_rate="27500000" polarization="1" fec_inner="4" system="0" modulation="1" onid="318" tsid="9000"/>
		<transponder frequency="12539000" symbol_rate="30000000" polarization="0" fec_inner="4" system="1" modulation="2" onid="318" tsid="9100"/>
		<transponder frequency="12576000" symbol_rate="27500000" polarization="0" fec_inner="3" system="1" modulation="2" onid="318" tsid="9300"/>
		<transponder frequency="12596000" symbol_rate="27500000" polarization="1" fec_inner="3" system="0" modulation="1" onid="318" tsid="9400"/>
		<transponder frequency="12616000" symbol_rate="29900000" polarization="0" fec_inner="4" system="0" modulation="1" onid="64511" tsid="9500"/>
		<transponder frequency="12635000" symbol_rate="29900000" polarization="1" fec_inner="4" system="0" modulation="1" onid="64511" tsid="9600"/>
		<transponder frequency="12654000" symbol_rate="27500000" polarization="0" fec_inner="4" system="0" modulation="1" onid="702" tsid="9700"/>
		<transponder frequency="12673000" symbol_rate="29900000" polarization="1" fec_inner="4" system="0" modulation="1" onid="64511" tsid="9800"/>
		<transponder frequency="12692000" symbol_rate="27500000" polarization="0" fec_inner="3" system="1" modulation="2" onid="319" tsid="9900"/>
		<transponder frequency="12713000" symbol_rate="29900000" polarization="1" fec_inner="4" system="0" modulation="1" onid="64511" tsid="10000"/>
		<transponder frequency="12731000" symbol_rate="29900000" polarization="0" fec_inner="4" system="0" modulation="1" onid="64511" tsid="10100"/>
	</sat>
	<sat name="Astra 1KR/1L/1M/1N (19.2E)" flags="1" position="192">
		<transponder frequency="10714000" symbol_rate="22000000" polarization="0" fec_inner="2" system="1" modulation="2" onid="1" tsid="1049"/>
		<transponder frequency="10729000" symbol_rate="22000000" polarization="1" fec_inner="2" system="1" modulation="2" onid="1" tsid="1050"/>
		<transponder frequency="10743000" symbol_rate="22000000" polarization="0" fec_inner="4" system="0" modulation="1" onid="1" tsid="1051"/>
		<transponder frequency="10758000" symbol_rate="22000000" polarization="1" fec_inner="4" system="0" modulation="1" onid="1" tsid="1052"/>
		<transponder frequency="10773000" symbol_rate="22000000" polarization="0" fec_inner="3" system="1" modulation="2" onid="1" tsid="1053"/>
		<transponder frequency="10788000" symbol_rate="22000000" polarization="1" fec_inner="4" system="0" modulation="1" onid="1" tsid="1054"/>
		<transponder frequency="10802000" symbol_rate="22000000" polarization="0" fec_inner="3" system="1" modulation="2" onid="1" tsid="1055"/>
		<transponder frequency="10817000" symbol_rate="22000000" polarization="1" fec_inner="2" system="1" modulation="2" onid="1" tsid="1056"/>
		<transponder frequency="10832000" symbol_rate="22000000" polarization="0" fec_inner="2" system="1" modulation="2" onid="1" tsid="1057"/>
		<transponder frequency="10847000" symbol_rate="22000000" polarization="1" fec_inner="4" system="0" modulation="1" onid="1" tsid="1058"/>
		<transponder frequency="10876000" symbol_rate="22000000" polarization="1" fec_inner="4" system="0" modulation="1" onid="1" tsid="1060"/>
		<transponder frequency="10891000" symbol_rate="22000000" polarization="0" fec_inner="2" system="1" modulation="2" onid="1" tsid="1061"/>
		<transponder frequency="10906000" symbol_rate="22000000" polarization="1" fec_inner="2" system="1" modulation="2" onid="1" tsid="1062"/>
		<transponder frequency="10920000" symbol_rate="22000000" polarization="0" fec_inner="5" system="0" modulation="1" onid="133" tsid="15"/>
		<transponder frequency="10935000" symbol_rate="22000000" polarization="1" fec_inner="2" system="1" modulation="2" onid="1" tsid="1064"/>
		<transponder frequency="10964000" symbol_rate="22000000" polarization="0" fec_inner="2" system="1" modulation="2" onid="1" tsid="1033"/>
		<transponder frequency="10979000" symbol_rate="22000000" polarization="1" fec_inner="4" system="0" modulation="1" onid="1" tsid="1034"/>
		<transponder frequency="10993000" symbol_rate="22000000" polarization="0" fec_inner="4" system="1" modulation="2" onid="1" tsid="1035"/>
		<transponder frequency="11008000" symbol_rate="22000000" polarization="1" fec_inner="0" system="1" modulation="2" onid="8770" tsid="0"/>
		<transponder frequency="11038000" symbol_rate="22000000" polarization="1" fec_inner="4" system="0" modulation="1" onid="1" tsid="1038"/>
		<transponder frequency="11052000" symbol_rate="22000000" polarization="0" fec_inner="2" system="1" modulation="2" onid="1" tsid="1039"/>
		<transponder frequency="11067000" symbol_rate="22000000" polarization="1" fec_inner="4" system="0" modulation="1" onid="1" tsid="1040"/>
		<transponder frequency="11082000" symbol_rate="22000000" polarization="0" fec_inner="3" system="1" modulation="2" onid="1" tsid="1041"/>
		<transponder frequency="11097000" symbol_rate="22000000" polarization="1" fec_inner="4" system="0" modulation="1" onid="1" tsid="1042"/>
		<transponder frequency="11111000" symbol_rate="22000000" polarization="0" fec_inner="2" system="1" modulation="2" onid="1" tsid="1043"/>
		<transponder frequency="11126000" symbol_rate="22000000" polarization="1" fec_inner="2" system="1" modulation="2" onid="1" tsid="1044"/>
		<transponder frequency="11156000" symbol_rate="22000000" polarization="1" fec_inner="4" system="0" modulation="1" onid="1" tsid="1046"/>
		<transponder frequency="11170000" symbol_rate="22000000" polarization="0" fec_inner="3" system="1" modulation="2" onid="133" tsid="9"/>
		<transponder frequency="11185000" symbol_rate="22000000" polarization="1" fec_inner="4" system="0" modulation="1" onid="1" tsid="1048"/>
		<transponder frequency="11214000" symbol_rate="22000000" polarization="0" fec_inner="2" system="1" modulation="2" onid="1" tsid="1001"/>
		<transponder frequency="11229000" symbol_rate="22000000" polarization="1" fec_inner="2" system="1" modulation="2" onid="1" tsid="1002"/>
		<transponder frequency="11243000" symbol_rate="22000000" polarization="0" fec_inner="4" system="0" modulation="1" onid="1" tsid="1003"/>
		<transponder frequency="11258000" symbol_rate="22000000" polarization="1" fec_inner="2" system="1" modulation="2" onid="1" tsid="1004"/>
		<transponder frequency="11273000" symbol_rate="22000000" polarization="0" fec_inner="2" system="1" modulation="2" onid="1" tsid="1005"/>
		<transponder frequency="11288000" symbol_rate="22000000" polarization="1" fec_inner="2" system="1" modulation="2" onid="1" tsid="1006"/>
		<transponder frequency="11302000" symbol_rate="22000000" polarization="0" fec_inner="2" system="1" modulation="2" onid="1" tsid="1007"/>
		<transponder frequency="11317000" symbol_rate="22000000" polarization="1" fec_inner="4" system="0" modulation="1" onid="1" tsid="1008"/>
		<transponder frequency="11347000" symbol_rate="22000000" polarization="1" fec_inner="2" system="1" modulation="2" onid="1" tsid="1010"/>
		<transponder frequency="11361000" symbol_rate="22000000" polarization="0" fec_inner="2" system="1" modulation="2" onid="1" tsid="1011"/>
		<transponder frequency="11376000" symbol_rate="22000000" polarization="1" fec_inner="2" system="1" modulation="2" onid="1" tsid="1012"/>
		<transponder frequency="11391000" symbol_rate="22000000" polarization="0" fec_inner="4" system="0" modulation="1" onid="1" tsid="1013"/>
		<transponder frequency="11420000" symbol_rate="22000000" polarization="0" fec_inner="4" system="0" modulation="1" onid="1" tsid="1015"/>
		<transponder frequency="11435000" symbol_rate="22000000" polarization="1" fec_inner="2" system="1" modulation="2" onid="1" tsid="1016"/>
		<transponder frequency="11464000" symbol_rate="22000000" polarization="0" fec_inner="2" system="1" modulation="2" onid="1" tsid="1017"/>
		<transponder frequency="11493000" symbol_rate="22000000" polarization="0" fec_inner="2" system="1" modulation="2" onid="1" tsid="1019"/>
		<transponder frequency="11508000" symbol_rate="22000000" polarization="1" fec_inner="4" system="0" modulation="1" onid="1" tsid="1020"/>
		<transponder frequency="11523000" symbol_rate="22000000" polarization="0" fec_inner="4" system="0" modulation="1" onid="1" tsid="1021"/>
		<transponder frequency="11538000" symbol_rate="22000000" polarization="1" fec_inner="4" system="0" modulation="1" onid="1" tsid="1022"/>
		<transponder frequency="11552000" symbol_rate="22000000" polarization="0" fec_inner="2" system="1" modulation="2" onid="1" tsid="1023"/>
		<transponder frequency="11567000" symbol_rate="23000000" polarization="1" fec_inner="3" system="1" modulation="2" onid="1" tsid="1024"/>
		<transponder frequency="11582000" symbol_rate="22000000" polarization="0" fec_inner="2" system="1" modulation="2" onid="1" tsid="1025"/>
		<transponder frequency="11597000" symbol_rate="22000000" polarization="1" fec_inner="4" system="0" modulation="1" onid="1" tsid="1026"/>
		<transponder frequency="11611000" symbol_rate="22000000" polarization="0" fec_inner="4" system="0" modulation="1" onid="1" tsid="1027"/>
		<transponder frequency="11626000" symbol_rate="22000000" polarization="1" fec_inner="4" system="0" modulation="1" onid="1" tsid="1028"/>
		<transponder frequency="11656000" symbol_rate="22000000" polarization="1" fec_inner="2" system="1" modulation="2" onid="1" tsid="1030"/>
		<transponder frequency="11670000" symbol_rate="22000000" polarization="0" fec_inner="2" system="1" modulation="2" onid="1" tsid="1031"/>
		<transponder frequency="11685000" symbol_rate="22000000" polarization="1" fec_inner="4" system="0" modulation="1" onid="1" tsid="1032"/>
		<transponder frequency="11719000" symbol_rate="27500000" polarization="0" fec_inner="9" system="1" modulation="1" onid="133" tsid="3"/>
		<transponder frequency="11758000" symbol_rate="27500000" polarization="0" fec_inner="9" system="1" modulation="1" onid="133" tsid="2"/>
		<transponder frequency="11797000" symbol_rate="27500000" polarization="0" fec_inner="9" system="1" modulation="1" onid="133" tsid="16"/>
		<transponder frequency="11817000" symbol_rate="29700000" polarization="1" fec_inner="2" system="1" modulation="2" onid="1" tsid="1070"/>
		<transponder frequency="11836000" symbol_rate="27500000" polarization="0" fec_inner="3" system="0" modulation="1" onid="1" tsid="1101"/>
		<transponder frequency="11856000" symbol_rate="29700000" polarization="1" fec_inner="2" system="1" modulation="2" onid="1" tsid="1072"/>
		<transponder frequency="11895000" symbol_rate="29700000" polarization="1" fec_inner="2" system="1" modulation="2" onid="1" tsid="1074"/>
		<transponder frequency="11914000" symbol_rate="27500000" polarization="0" fec_inner="9" system="1" modulation="1" onid="133" tsid="6"/>
		<transponder frequency="11934000" symbol_rate="29700000" polarization="1" fec_inner="2" system="1" modulation="2" onid="1" tsid="1076"/>
		<transponder frequency="11953000" symbol_rate="27500000" polarization="0" fec_inner="3" system="0" modulation="1" onid="1" tsid="1079"/>
		<transponder frequency="11973000" symbol_rate="27500000" polarization="1" fec_inner="3" system="0" modulation="1" onid="1" tsid="1078"/>
		<transponder frequency="11992000" symbol_rate="27500000" polarization="0" fec_inner="9" system="1" modulation="1" onid="133" tsid="13"/>
		<transponder frequency="12012000" symbol_rate="29700000" polarization="1" fec_inner="2" system="1" modulation="2" onid="1" tsid="1080"/>
		<transponder frequency="12031000" symbol_rate="27500000" polarization="0" fec_inner="9" system="1" modulation="1" onid="133" tsid="4"/>
		<transponder frequency="12051000" symbol_rate="27500000" polarization="1" fec_inner="3" system="0" modulation="1" onid="1" tsid="1082"/>
		<transponder frequency="12090000" symbol_rate="29700000" polarization="1" fec_inner="2" system="1" modulation="2" onid="1" tsid="1084"/>
		<transponder frequency="12109000" symbol_rate="27500000" polarization="0" fec_inner="3" system="0" modulation="1" onid="1" tsid="1073"/>
		<transponder frequency="12129000" symbol_rate="29700000" polarization="1" fec_inner="2" system="1" modulation="2" onid="1" tsid="1086"/>
		<transponder frequency="12148000" symbol_rate="27500000" polarization="0" fec_inner="3" system="0" modulation="1" onid="133" tsid="7"/>
		<transponder frequency="12168000" symbol_rate="29700000" polarization="1" fec_inner="2" system="1" modulation="2" onid="1" tsid="1088"/>
		<transponder frequency="12187000" symbol_rate="27500000" polarization="0" fec_inner="3" system="0" modulation="1" onid="1" tsid="1089"/>
		<transponder frequency="12207000" symbol_rate="29700000" polarization="1" fec_inner="2" system="1" modulation="2" onid="1" tsid="1090"/>
		<transponder frequency="12226000" symbol_rate="27500000" polarization="0" fec_inner="3" system="0" modulation="1" onid="1" tsid="1091"/>
		<transponder frequency="12246000" symbol_rate="29700000" polarization="1" fec_inner="2" system="1" modulation="2" onid="1" tsid="1092"/>
		<transponder frequency="12265000" symbol_rate="27500000" polarization="0" fec_inner="3" system="0" modulation="1" onid="1" tsid="1093"/>
		<transponder frequency="12285000" symbol_rate="29700000" polarization="1" fec_inner="2" system="1" modulation="2" onid="1" tsid="1094"/>
		<transponder frequency="12304000" symbol_rate="27500000" polarization="0" fec_inner="9" system="1" modulation="1" onid="133" tsid="12"/>
		<transponder frequency="12324000" symbol_rate="29700000" polarization="1" fec_inner="2" system="1" modulation="2" onid="1" tsid="1096"/>
		<transponder frequency="12343000" symbol_rate="30000000" polarization="0" fec_inner="2" system="1" modulation="2" onid="1" tsid="1097"/>
		<transponder frequency="12363000" symbol_rate="27500000" polarization="1" fec_inner="3" system="0" modulation="1" onid="1" tsid="1098"/>
		<transponder frequency="12382000" symbol_rate="27500000" polarization="0" fec_inner="3" system="1" modulation="1" onid="133" tsid="11"/>
		<transponder frequency="12402000" symbol_rate="29700000" polarization="1" fec_inner="2" system="1" modulation="2" onid="1" tsid="1100"/>
		<transponder frequency="12421000" symbol_rate="27500000" polarization="0" fec_inner="3" system="0" modulation="1" onid="1" tsid="1201"/>
		<transponder frequency="12441000" symbol_rate="29700000" polarization="1" fec_inner="2" system="1" modulation="2" onid="1" tsid="1102"/>
		<transponder frequency="12460000" symbol_rate="27500000" polarization="0" fec_inner="3" system="0" modulation="1" onid="133" tsid="5"/>
		<transponder frequency="12480000" symbol_rate="27500000" polarization="1" fec_inner="3" system="0" modulation="1" onid="133" tsid="33"/>
		<transponder frequency="12515000" symbol_rate="22000000" polarization="0" fec_inner="4" system="0" modulation="1" onid="53" tsid="1105"/>
		<transponder frequency="12544000" symbol_rate="22000000" polarization="0" fec_inner="4" system="0" modulation="1" onid="1" tsid="1107"/>
		<transponder frequency="12551000" symbol_rate="22000000" polarization="1" fec_inner="4" system="0" modulation="1" onid="1" tsid="1108"/>
		<transponder frequency="12574000" symbol_rate="22000000" polarization="0" fec_inner="2" system="1" modulation="2" onid="1" tsid="1109"/>
		<transponder frequency="12603000" symbol_rate="22000000" polarization="0" fec_inner="4" system="0" modulation="1" onid="1" tsid="1111"/>
		<transponder frequency="12633000" symbol_rate="22000000" polarization="0" fec_inner="4" system="0" modulation="1" onid="1" tsid="1113"/>
		<transponder frequency="12662000" symbol_rate="22000000" polarization="0" fec_inner="4" system="0" modulation="1" onid="1" tsid="1115"/>
		<transponder frequency="12692000" symbol_rate="22000000" polarization="0" fec_inner="4" system="0" modulation="1" onid="1" tsid="1117"/>
		<transponder frequency="12728000" symbol_rate="22000000" polarization="1" fec_inner="2" system="1" modulation="2" onid="1" tsid="1120"/>
	</sat>
	<sat name="Turksat 3A/4A (42.0E)" flags="1" position="420">
		<transponder frequency="10964000" symbol_rate="14170000" polarization="1" fec_inner="4" system="1" modulation="2" onid="65280" tsid="0"/>
		<transponder frequency="10980000" symbol_rate="12500000" polarization="1" fec_inner="3" system="1" modulation="2" onid="1070" tsid="30801"/>
		<transponder frequency="10981000" symbol_rate="1666000" polarization="0" fec_inner="2" system="0" modulation="1" onid="65535" tsid="1"/>
		<transponder frequency="11012000" symbol_rate="30000000" polarization="1" fec_inner="4" system="1" modulation="2" onid="66" tsid="4"/>
		<transponder frequency="11022000" symbol_rate="2222000" polarization="0" fec_inner="3" system="0" modulation="1" onid="177" tsid="176"/>
		<transponder frequency="11045000" symbol_rate="4800000" polarization="0" fec_inner="3" system="0" modulation="1" onid="1070" tsid="32204"/>
		<transponder frequency="11053000" symbol_rate="8000000" polarization="0" fec_inner="3" system="0" modulation="1" onid="1070" tsid="32201"/>
		<transponder frequency="11053000" symbol_rate="30000000" polarization="1" fec_inner="3" system="1" modulation="2" onid="1070" tsid="31001"/>
		<transponder frequency="11062000" symbol_rate="4820000" polarization="0" fec_inner="3" system="0" modulation="1" onid="1070" tsid="32203"/>
		<transponder frequency="11096000" symbol_rate="30000000" polarization="0" fec_inner="4" system="0" modulation="1" onid="42" tsid="61"/>
		<transponder frequency="11096000" symbol_rate="30000000" polarization="1" fec_inner="4" system="0" modulation="1" onid="1070" tsid="31101"/>
		<transponder frequency="11131000" symbol_rate="2455000" polarization="0" fec_inner="5" system="0" modulation="1" onid="65535" tsid="1"/>
		<transponder frequency="11155000" symbol_rate="4444000" polarization="0" fec_inner="4" system="1" modulation="2" onid="65535" tsid="1"/>
		<transponder frequency="11177000" symbol_rate="34290000" polarization="1" fec_inner="2" system="1" modulation="2" onid="1070" tsid="31201"/>
		<transponder frequency="11180000" symbol_rate="30000000" polarization="0" fec_inner="4" system="1" modulation="1" onid="42" tsid="20101"/>
		<transponder frequency="11460000" symbol_rate="6800000" polarization="1" fec_inner="3" system="1" modulation="2" onid="0" tsid="0"/>
		<transponder frequency="11470000" symbol_rate="6800000" polarization="1" fec_inner="3" system="1" modulation="2" onid="235" tsid="1"/>
		<transponder frequency="11478000" symbol_rate="6800000" polarization="1" fec_inner="3" system="1" modulation="2" onid="235" tsid="1"/>
		<transponder frequency="11487000" symbol_rate="6800000" polarization="1" fec_inner="3" system="1" modulation="2" onid="235" tsid="1"/>
		<transponder frequency="11488000" symbol_rate="6800000" polarization="1" fec_inner="3" system="1" modulation="2" onid="0" tsid="0"/>
		<transponder frequency="11510000" symbol_rate="30000000" polarization="0" fec_inner="2" system="0" modulation="1" onid="1070" tsid="31701"/>
		<transponder frequency="11556000" symbol_rate="395000" polarization="0" fec_inner="4" system="0" modulation="1" onid="33" tsid="1"/>
		<transponder frequency="11557000" symbol_rate="405000" polarization="0" fec_inner="4" system="0" modulation="1" onid="0" tsid="1"/>
		<transponder frequency="11557000" symbol_rate="30000000" polarization="1" fec_inner="2" system="0" modulation="1" onid="1070" tsid="30601"/>
		<transponder frequency="11558000" symbol_rate="390000" polarization="0" fec_inner="3" system="0" modulation="1" onid="61" tsid="1"/>
		<transponder frequency="11558000" symbol_rate="410000" polarization="0" fec_inner="4" system="0" modulation="1" onid="25" tsid="1"/>
		<transponder frequency="11559000" symbol_rate="400000" polarization="0" fec_inner="4" system="0" modulation="1" onid="42" tsid="1"/>
		<transponder frequency="11574000" symbol_rate="1800000" polarization="0" fec_inner="4" system="0" modulation="1" onid="42" tsid="1"/>
		<transponder frequency="11593000" symbol_rate="25000000" polarization="1" fec_inner="2" system="0" modulation="1" onid="1070" tsid="30602"/>
		<transponder frequency="11627000" symbol_rate="2222000" polarization="1" fec_inner="4" system="0" modulation="1" onid="65535" tsid="1"/>
		<transponder frequency="11650000" symbol_rate="13600000" polarization="1" fec_inner="2" system="0" modulation="1" onid="1070" tsid="30702"/>
		<transponder frequency="11675000" symbol_rate="24444000" polarization="1" fec_inner="3" system="0" modulation="1" onid="42" tsid="50600"/>
		<transponder frequency="11789000" symbol_rate="20000000" polarization="0" fec_inner="3" system="1" modulation="2" onid="1070" tsid="43203"/>
		<transponder frequency="11853000" symbol_rate="25000000" polarization="0" fec_inner="3" system="1" modulation="2" onid="1070" tsid="43401"/>
		<transponder frequency="11855000" symbol_rate="30000000" polarization="1" fec_inner="3" system="0" modulation="1" onid="1070" tsid="43302"/>
		<transponder frequency="11880000" symbol_rate="20000000" polarization="0" fec_inner="3" system="1" modulation="2" onid="1070" tsid="43402" is_id="0" pls_code="1" pls_mode="0"/>
		<transponder frequency="11883000" symbol_rate="4800000" polarization="1" fec_inner="4" system="0" modulation="1" onid="1070" tsid="40102"/>
		<transponder frequency="11916000" symbol_rate="30000000" polarization="1" fec_inner="3" system="0" modulation="1" onid="1070" tsid="40101"/>
		<transponder frequency="11957000" symbol_rate="27500000" polarization="1" fec_inner="4" system="0" modulation="1" onid="1070" tsid="40301"/>
		<transponder frequency="11977000" symbol_rate="27500000" polarization="0" fec_inner="4" system="0" modulation="1" onid="66" tsid="1"/>
		<transponder frequency="11999000" symbol_rate="11666000" polarization="1" fec_inner="3" system="1" modulation="2" onid="1070" tsid="40504"/>
		<transponder frequency="12009000" symbol_rate="4444000" polarization="1" fec_inner="2" system="1" modulation="2" onid="65535" tsid="1"/>
		<transponder frequency="12015000" symbol_rate="27500000" polarization="0" fec_inner="4" system="0" modulation="1" onid="1070" tsid="40601"/>
		<transponder frequency="12034000" symbol_rate="27500000" polarization="1" fec_inner="4" system="0" modulation="1" onid="66" tsid="3"/>
		<transponder frequency="12054000" symbol_rate="27500000" polarization="0" fec_inner="4" system="0" modulation="1" onid="1070" tsid="40801"/>
		<transponder frequency="12073000" symbol_rate="27500000" polarization="1" fec_inner="3" system="1" modulation="2" onid="42" tsid="40901"/>
		<transponder frequency="12073000" symbol_rate="27500000" polarization="1" fec_inner="4" system="1" modulation="2" onid="42" tsid="40901"/>
		<transponder frequency="12079000" symbol_rate="6400000" polarization="0" fec_inner="4" system="0" modulation="1" onid="1070" tsid="41001"/>
		<transponder frequency="12095000" symbol_rate="4800000" polarization="0" fec_inner="4" system="0" modulation="1" onid="1070" tsid="41002"/>
		<transponder frequency="12103000" symbol_rate="8333000" polarization="0" fec_inner="2" system="1" modulation="2" onid="1070" tsid="41003"/>
		<transponder frequency="12188000" symbol_rate="27500000" polarization="1" fec_inner="4" system="1" modulation="2" onid="66" tsid="9"/>
		<transponder frequency="12209000" symbol_rate="10000000" polarization="0" fec_inner="3" system="1" modulation="2" onid="1070" tsid="41401"/>
		<transponder frequency="12213000" symbol_rate="5833000" polarization="1" fec_inner="2" system="1" modulation="2" onid="1070" tsid="41301"/>
		<transponder frequency="12219000" symbol_rate="6500000" polarization="0" fec_inner="3" system="0" modulation="1" onid="1070" tsid="41402"/>
		<transponder frequency="12220000" symbol_rate="4800000" polarization="1" fec_inner="4" system="0" modulation="1" onid="1070" tsid="41304"/>
		<transponder frequency="12228000" symbol_rate="8400000" polarization="1" fec_inner="4" system="0" modulation="1" onid="1070" tsid="41302"/>
		<transponder frequency="12236000" symbol_rate="4000000" polarization="1" fec_inner="4" system="0" modulation="1" onid="1070" tsid="41303"/>
		<transponder frequency="12245000" symbol_rate="27500000" polarization="0" fec_inner="4" system="1" modulation="2" onid="66" tsid="7"/>
		<transponder frequency="12265000" symbol_rate="27500000" polarization="1" fec_inner="4" system="1" modulation="2" onid="1070" tsid="41501"/>
		<transponder frequency="12298000" symbol_rate="4800000" polarization="1" fec_inner="4" system="0" modulation="1" onid="1070" tsid="41702"/>
		<transponder frequency="12311000" symbol_rate="15000000" polarization="1" fec_inner="3" system="1" modulation="2" onid="1070" tsid="41703"/>
		<transponder frequency="12329000" symbol_rate="6666000" polarization="0" fec_inner="2" system="1" modulation="2" onid="1070" tsid="42002"/>
		<transponder frequency="12336000" symbol_rate="5520000" polarization="0" fec_inner="3" system="0" modulation="1" onid="1070" tsid="42003"/>
		<transponder frequency="12344000" symbol_rate="30000000" polarization="1" fec_inner="3" system="0" modulation="1" onid="1070" tsid="41901"/>
		<transponder frequency="12346000" symbol_rate="9600000" polarization="0" fec_inner="3" system="0" modulation="1" onid="1070" tsid="42004"/>
		<transponder frequency="12356000" symbol_rate="7100000" polarization="0" fec_inner="2" system="1" modulation="2" onid="1070" tsid="42005"/>
		<transponder frequency="12379000" symbol_rate="30000000" polarization="0" fec_inner="3" system="0" modulation="1" onid="1070" tsid="42001"/>
		<transponder frequency="12380000" symbol_rate="27500000" polarization="1" fec_inner="3" system="0" modulation="1" onid="1070" tsid="41902"/>
		<transponder frequency="12422000" symbol_rate="27500000" polarization="1" fec_inner="3" system="0" modulation="1" onid="1070" tsid="42101"/>
		<transponder frequency="12423000" symbol_rate="30000000" polarization="0" fec_inner="3" system="0" modulation="1" onid="1070" tsid="42201"/>
		<transponder frequency="12447000" symbol_rate="2400000" polarization="0" fec_inner="3" system="0" modulation="1" onid="65535" tsid="1"/>
		<transponder frequency="12458000" symbol_rate="30000000" polarization="1" fec_inner="3" system="0" modulation="1" onid="1070" tsid="42102"/>
		<transponder frequency="12460000" symbol_rate="20800000" polarization="0" fec_inner="3" system="1" modulation="2" onid="1" tsid="42203"/>
		<transponder frequency="12515000" symbol_rate="11666000" polarization="0" fec_inner="2" system="0" modulation="1" onid="1070" tsid="31301"/>
		<transponder frequency="12531000" symbol_rate="15000000" polarization="0" fec_inner="3" system="0" modulation="1" onid="1070" tsid="31302"/>
		<transponder frequency="12559000" symbol_rate="27500000" polarization="1" fec_inner="2" system="0" modulation="1" onid="1070" tsid="30102"/>
		<transponder frequency="12575000" symbol_rate="2080000" polarization="0" fec_inner="4" system="0" modulation="1" onid="65535" tsid="1"/>
		<transponder frequency="12605000" symbol_rate="27500000" polarization="1" fec_inner="2" system="0" modulation="1" onid="1070" tsid="30201"/>
		<transponder frequency="12610000" symbol_rate="20830000" polarization="0" fec_inner="3" system="0" modulation="1" onid="1070" tsid="31402"/>
		<transponder frequency="12641000" symbol_rate="30000000" polarization="0" fec_inner="2" system="0" modulation="1" onid="1070" tsid="31401"/>
		<transponder frequency="12657000" symbol_rate="2189000" polarization="1" fec_inner="4" system="0" modulation="1" onid="1" tsid="0"/>
		<transponder frequency="12685000" symbol_rate="27500000" polarization="0" fec_inner="2" system="1" modulation="2" onid="1070" tsid="31502"/>
		<transponder frequency="12685000" symbol_rate="30000000" polarization="1" fec_inner="2" system="1" modulation="2" onid="1070" tsid="31702"/>
		<transponder frequency="12729000" symbol_rate="27500000" polarization="0" fec_inner="2" system="0" modulation="1" onid="1070" tsid="31601"/>
		<transponder frequency="12729000" symbol_rate="30000000" polarization="1" fec_inner="2" system="1" modulation="2" onid="1070" tsid="30401" is_id="0" pls_code="1" pls_mode="0"/>
	</sat>
</satellites>
