<?xml version="1.0" encoding="iso-8859-1"?>
<!-- File generated by Morpheus883's xml generator -->
<satellites>
	<sat name="Hot Bird 13B/E/F/G (13.0E)" flags="1" position="130">
		<transponder frequency="10719000" symbol_rate="27500000" polarization="1" fec_inner="3" system="1" modulation="2" onid="318" tsid="11000"/>
		<transponder frequency="10727000" symbol_rate="30000000" polarization="0" fec_inner="3" system="1" modulation="2" onid="318" tsid="11100"/>
		<transponder frequency="10758000" symbol_rate="27500000" polarization="1" fec_inner="3" system="1" modulation="2" onid="318" tsid="11200"/>
		<transponder frequency="10796000" symbol_rate="27500000" polarization="1" fec_inner="3" system="1" modulation="2" onid="318" tsid="11400"/>
		<transponder frequency="10815000" symbol_rate="27500000" polarization="0" fec_inner="4" system="0" modulation="1" onid="318" tsid="11500"/>
		<transponder frequency="10873000" symbol_rate="27500000" polarization="1" fec_inner="3" system="1" modulation="2" onid="176" tsid="11800"/>
		<transponder frequency="10911000" symbol_rate="27500000" polarization="1" fec_inner="3" system="1" modulation="2" onid="318" tsid="12000"/>
		<transponder frequency="10930000" symbol_rate="30000000" polarization="0" fec_inner="2" system="1" modulation="2" onid="318" tsid="12100"/>
		<transponder frequency="10949000" symbol_rate="27500000" polarization="1" fec_inner="3" system="1" modulation="2" onid="318" tsid="12200"/>
		<transponder frequency="10971000" symbol_rate="29700000" polarization="0" fec_inner="2" system="1" modulation="2" onid="318" tsid="12300"/>
		<transponder frequency="10992000" symbol_rate="27500000" polarization="1" fec_inner="2" system="0" modulation="1" onid="318" tsid="12400"/>
		<transponder frequency="11013000" symbol_rate="29900000" polarization="0" fec_inner="3" system="1" modulation="2" onid="318" tsid="12500"/>
		<transponder frequency="11034000" symbol_rate="27500000" polarization="1" fec_inner="3" system="0" modulation="1" onid="318" tsid="12600"/>
		<transponder frequency="11054000" symbol_rate="27500000" polarization="0" fec_inner="4" system="0" modulation="1" onid="318" tsid="12700"/>
		<transponder frequency="11075000" symbol_rate="30000000" polarization="1" fec_inner="3" system="1" modulation="2" onid="318" tsid="12800"/>
		<transponder frequency="11096000" symbol_rate="30000000" polarization="0" fec_inner="3" system="1" modulation="2" onid="318" tsid="12900"/>
		<transponder frequency="11117000" symbol_rate="27500000" polarization="1" fec_inner="3" system="1" modulation="2" onid="318" tsid="13000"/>
		<transponder frequency="11137000" symbol_rate="27500000" polarization="0" fec_inner="3" system="0" modulation="1" onid="318" tsid="13100"/>
		<transponder frequency="11158000" symbol_rate="27500000" polarization="1" fec_inner="3" system="1" modulation="2" onid="113" tsid="13200"/>
		<transponder frequency="11179000" symbol_rate="27500000" polarization="0" fec_inner="3" system="1" modulation="2" onid="318" tsid="13300"/>
		<transponder frequency="11240000" symbol_rate="27500000" polarization="1" fec_inner="3" system="0" modulation="1" onid="318" tsid="200"/>
		<transponder frequency="11258000" symbol_rate="27500000" polarization="0" fec_inner="3" system="1" modulation="2" onid="318" tsid="300"/>
		<transponder frequency="11278000" symbol_rate="27500000" polarization="1" fec_inner="3" system="1" modulation="2" onid="318" tsid="400"/>
		<transponder frequency="11296000" symbol_rate="27500000" polarization="0" fec_inner="4" system="0" modulation="1" onid="318" tsid="500"/>
		<transponder frequency="11334000" symbol_rate="27500000" polarization="0" fec_inner="3" system="1" modulation="2" onid="318" tsid="700"/>
		<transponder frequency="11373000" symbol_rate="27500000" polarization="0" fec_inner="3" system="1" modulation="2" onid="318" tsid="900"/>
		<transponder frequency="11393000" symbol_rate="27500000" polarization="1" fec_inner="3" system="1" modulation="2" onid="318" tsid="1000"/>
		<transponder frequency="11411000" symbol_rate="27500000" polarization="0" fec_inner="3" system="1" modulation="2" onid="318" tsid="1100"/>
		<transponder frequency="11432000" symbol_rate="29900000" polarization="1" fec_inner="3" system="1" modulation="2" onid="272" tsid="1200"/>
		<transponder frequency="11449000" symbol_rate="27500000" polarization="0" fec_inner="3" system="1" modulation="2" onid="318" tsid="1300"/>
		<transponder frequency="11470000" symbol_rate="27500000" polarization="1" fec_inner="3" system="1" modulation="2" onid="318" tsid="1400"/>
		<transponder frequency="11488000" symbol_rate="27500000" polarization="0" fec_inner="3" system="1" modulation="2" onid="318" tsid="1500"/>
		<transponder frequency="11508000" symbol_rate="27500000" polarization="1" fec_inner="3" system="1" modulation="2" onid="318" tsid="1600"/>
		<transponder frequency="11526000" symbol_rate="29700000" polarization="0" fec_inner="2" system="1" modulation="2" onid="318" tsid="1700"/>
		<transponder frequency="11566000" symbol_rate="29900000" polarization="0" fec_inner="3" system="1" modulation="2" onid="318" tsid="15300"/>
		<transponder frequency="11585000" symbol_rate="27500000" polarization="1" fec_inner="4" system="1" modulation="2" onid="318" tsid="15400"/>
		<transponder frequency="11642000" symbol_rate="27500000" polarization="0" fec_inner="3" system="1" modulation="2" onid="318" tsid="15700"/>
		<transponder frequency="11662000" symbol_rate="27500000" polarization="1" fec_inner="3" system="1" modulation="2" onid="318" tsid="15800"/>
		<transponder frequency="11681000" symbol_rate="27500000" polarization="0" fec_inner="3" system="1" modulation="2" onid="319" tsid="15900"/>
		<transponder frequency="11727000" symbol_rate="29900000" polarization="1" fec_inner="3" system="1" modulation="2" onid="318" tsid="5000"/>
		<transponder frequency="11747000" symbol_rate="27500000" polarization="0" fec_inner="3" system="1" modulation="2" onid="318" tsid="5103"/>
		<transponder frequency="11766000" symbol_rate="29900000" polarization="1" fec_inner="3" system="1" modulation="2" onid="318" tsid="5200"/>
		<transponder frequency="11785000" symbol_rate="29900000" polarization="0" fec_inner="4" system="1" modulation="1" onid="64511" tsid="5300"/>
		<transponder frequency="11804000" symbol_rate="29700000" polarization="1" fec_inner="3" system="1" modulation="2" onid="318" tsid="5400"/>
		<transponder frequency="11823000" symbol_rate="27500000" polarization="0" fec_inner="3" system="1" modulation="2" onid="318" tsid="5500"/>
		<transponder frequency="11843000" symbol_rate="29900000" polarization="1" fec_inner="4" system="1" modulation="1" onid="64511" tsid="5600"/>
		<transponder frequency="11862000" symbol_rate="29900000" polarization="0" fec_inner="4" system="1" modulation="1" onid="64511" tsid="5700"/>
		<transponder frequency="11881000" symbol_rate="27500000" polarization="1" fec_inner="3" system="0" modulation="1" onid="64511" tsid="5800"/>
		<transponder frequency="11900000" symbol_rate="29900000" polarization="0" fec_inner="4" system="1" modulation="1" onid="64511" tsid="5900"/>
		<transponder frequency="11919000" symbol_rate="29900000" polarization="1" fec_inner="2" system="1" modulation="1" onid="190" tsid="6000"/>
		<transponder frequency="11938000" symbol_rate="27500000" polarization="0" fec_inner="3" system="1" modulation="2" onid="318" tsid="6100"/>
		<transponder frequency="11958000" symbol_rate="27500000" polarization="1" fec_inner="3" system="0" modulation="1" onid="64511" tsid="6200"/>
		<transponder frequency="11977000" symbol_rate="29900000" polarization="0" fec_inner="4" system="1" modulation="1" onid="64511" tsid="6300"/>
		<transponder frequency="11996000" symbol_rate="29900000" polarization="1" fec_inner="4" system="1" modulation="1" onid="64511" tsid="6400"/>
		<transponder frequency="12015000" symbol_rate="27500000" polarization="0" fec_inner="3" system="1" modulation="2" onid="318" tsid="6500"/>
		<transponder frequency="12034000" symbol_rate="29900000" polarization="1" fec_inner="4" system="1" modulation="1" onid="64511" tsid="6600"/>
		<transponder frequency="12054000" symbol_rate="29900000" polarization="0" fec_inner="4" system="1" modulation="1" onid="64511" tsid="6700"/>
		<transponder frequency="12073000" symbol_rate="29900000" polarization="1" fec_inner="4" system="1" modulation="1" onid="318" tsid="6800"/>
		<transponder frequency="12092000" symbol_rate="29900000" polarization="0" fec_inner="3" system="1" modulation="2" onid="64511" tsid="6900"/>
		<transponder frequency="12111000" symbol_rate="27500000" polarization="1" fec_inner="3" system="0" modulation="1" onid="318" tsid="7000"/>
		<transponder frequency="12130000" symbol_rate="27500000" polarization="0" fec_inner="3" system="1" modulation="2" onid="318" tsid="7100"/>
		<transponder frequency="12149000" symbol_rate="27500000" polarization="1" fec_inner="3" system="0" modulation="1" onid="318" tsid="7200"/>
		<transponder frequency="12169000" symbol_rate="27500000" polarization="0" fec_inner="3" system="1" modulation="2" onid="318" tsid="7300"/>
		<transponder frequency="12188000" symbol_rate="27500000" polarization="1" fec_inner="3" system="1" modulation="2" onid="113" tsid="7400"/>
		<transponder frequency="12206000" symbol_rate="29900000" polarization="0" fec_inner="4" system="1" modulation="1" onid="64511" tsid="7500"/>
		<transponder frequency="12226000" symbol_rate="27500000" polarization="1" fec_inner="3" system="0" modulation="1" onid="1" tsid="101"/>
		<transponder frequency="12245000" symbol_rate="29900000" polarization="0" fec_inner="4" system="1" modulation="1" onid="64511" tsid="7700"/>
		<transponder frequency="12265000" symbol_rate="27500000" polarization="1" fec_inner="3" system="1" modulation="2" onid="113" tsid="7800"/>
		<transponder frequency="12284000" symbol_rate="27500000" polarization="0" fec_inner="3" system="1" modulation="2" onid="113" tsid="7900"/>
		<transponder frequency="12303000" symbol_rate="27500000" polarization="1" fec_inner="3" system="1" modulation="2" onid="318" tsid="8000"/>
		<transponder frequency="12322000" symbol_rate="27500000" polarization="0" fec_inner="3" system="0" modulation="1" onid="318" tsid="8100"/>
		<transponder frequency="12341000" symbol_rate="29900000" polarization="1" fec_inner="4" system="1" modulation="1" onid="64511" tsid="8200"/>
		<transponder frequency="12360000" symbol_rate="29900000" polarization="0" fec_inner="4" system="1" modulation="1" onid="64511" tsid="8300"/>
		<transponder frequency="12380000" symbol_rate="30000000" polarization="1" fec_inner="4" system="1" modulation="2" onid="318" tsid="8400"/>
		<transponder frequency="12399000" symbol_rate="29700000" polarization="0" fec_inner="2" system="1" modulation="2" onid="318" tsid="8500"/>
		<transponder frequency="12418000" symbol_rate="29900000" polarization="1" fec_inner="4" system="1" modulation="1" onid="64511" tsid="8600"/>
		<transponder frequency="12466000" symbol_rate="29900000" polarization="1" fec_inner="4" system="1" modulation="1" onid="64511" tsid="8800"/>
		<transponder frequency="12476000" symbol_rate="29900000" polarization="0" fec_inner="3" system="1" modulation="2" onid="318" tsid="8900"/>
		<transponder frequency="12520000" symbol_rate="27500000" polarization="1" fec_inner="7" system="1" modulation="2" onid="318" tsid="9000"/>
		<transponder frequency="12558000" symbol_rate="27500000" polarization="1" fec_inner="4" system="1" modulation="2" onid="318" tsid="9200"/>
		<transponder frequency="12577000" symbol_rate="27500000" polarization="0" fec_inner="3" system="1" modulation="2" onid="318" tsid="9300"/>
		<transponder frequency="12597000" symbol_rate="27500000" polarization="1" fec_inner="3" system="0" modulation="1" onid="318" tsid="9400"/>
		<transponder frequency="12692000" symbol_rate="27500000" polarization="0" fec_inner="3" system="1" modulation="2" onid="319" tsid="9900"/>
	</sat>
	<sat name="Astra 1KR/L/M/N (19.2E)" flags="1" position="192">
		<transponder frequency="10729000" symbol_rate="22000000" polarization="1" fec_inner="2" system="1" modulation="2" onid="1" tsid="1050"/>
		<transponder frequency="10744000" symbol_rate="22000000" polarization="0" fec_inner="4" system="0" modulation="1" onid="1" tsid="1051"/>
		<transponder frequency="10758000" symbol_rate="22000000" polarization="1" fec_inner="4" system="0" modulation="1" onid="1" tsid="1052"/>
		<transponder frequency="10773000" symbol_rate="22000000" polarization="0" fec_inner="3" system="1" modulation="2" onid="1" tsid="1053"/>
		<transponder frequency="10788000" symbol_rate="22000000" polarization="1" fec_inner="4" system="0" modulation="1" onid="1" tsid="1054"/>
		<transponder frequency="10802000" symbol_rate="22000000" polarization="0" fec_inner="3" system="1" modulation="2" onid="1" tsid="1055"/>
		<transponder frequency="10817000" symbol_rate="22000000" polarization="1" fec_inner="2" system="1" modulation="2" onid="1" tsid="1056"/>
		<transponder frequency="10832000" symbol_rate="22000000" polarization="0" fec_inner="2" system="1" modulation="2" onid="1" tsid="1057"/>
		<transponder frequency="10847000" symbol_rate="22000000" polarization="1" fec_inner="4" system="0" modulation="1" onid="1" tsid="1058"/>
		<transponder frequency="10876000" symbol_rate="22000000" polarization="1" fec_inner="4" system="0" modulation="1" onid="1" tsid="1060"/>
		<transponder frequency="10891000" symbol_rate="22000000" polarization="0" fec_inner="2" system="1" modulation="2" onid="1" tsid="1061"/>
		<transponder frequency="10906000" symbol_rate="22000000" polarization="1" fec_inner="2" system="1" modulation="2" onid="1" tsid="1062"/>
		<transponder frequency="10921000" symbol_rate="22000000" polarization="0" fec_inner="5" system="0" modulation="1" onid="133" tsid="15"/>
		<transponder frequency="10935000" symbol_rate="22000000" polarization="1" fec_inner="2" system="1" modulation="2" onid="1" tsid="1064"/>
		<transponder frequency="10964000" symbol_rate="22000000" polarization="0" fec_inner="2" system="1" modulation="2" onid="1" tsid="1033"/>
		<transponder frequency="10979000" symbol_rate="22000000" polarization="1" fec_inner="4" system="0" modulation="1" onid="1" tsid="1034"/>
		<transponder frequency="10993000" symbol_rate="22000000" polarization="0" fec_inner="4" system="1" modulation="2" onid="1" tsid="1035"/>
		<transponder frequency="11038000" symbol_rate="22000000" polarization="1" fec_inner="4" system="0" modulation="1" onid="1" tsid="1038"/>
		<transponder frequency="11052000" symbol_rate="22000000" polarization="0" fec_inner="2" system="1" modulation="2" onid="1" tsid="1039"/>
		<transponder frequency="11067000" symbol_rate="22000000" polarization="1" fec_inner="4" system="0" modulation="1" onid="1" tsid="1040"/>
		<transponder frequency="11082000" symbol_rate="22000000" polarization="0" fec_inner="3" system="1" modulation="2" onid="1" tsid="1041"/>
		<transponder frequency="11097000" symbol_rate="22000000" polarization="1" fec_inner="4" system="0" modulation="1" onid="1" tsid="1042"/>
		<transponder frequency="11111000" symbol_rate="22000000" polarization="0" fec_inner="2" system="1" modulation="2" onid="1" tsid="1043"/>
		<transponder frequency="11126000" symbol_rate="22000000" polarization="1" fec_inner="2" system="1" modulation="2" onid="1" tsid="1044"/>
		<transponder frequency="11156000" symbol_rate="22000000" polarization="1" fec_inner="4" system="0" modulation="1" onid="1" tsid="1046"/>
		<transponder frequency="11185000" symbol_rate="22000000" polarization="1" fec_inner="2" system="1" modulation="2" onid="1" tsid="1048"/>
		<transponder frequency="11214000" symbol_rate="23500000" polarization="0" fec_inner="3" system="1" modulation="2" onid="1" tsid="1001"/>
		<transponder frequency="11229000" symbol_rate="22000000" polarization="1" fec_inner="2" system="1" modulation="2" onid="1" tsid="1002"/>
		<transponder frequency="11244000" symbol_rate="22000000" polarization="0" fec_inner="4" system="0" modulation="1" onid="1" tsid="1003"/>
		<transponder frequency="11259000" symbol_rate="22000000" polarization="1" fec_inner="2" system="1" modulation="2" onid="1" tsid="1004"/>
		<transponder frequency="11273000" symbol_rate="22000000" polarization="0" fec_inner="2" system="1" modulation="2" onid="1" tsid="1005"/>
		<transponder frequency="11288000" symbol_rate="22000000" polarization="1" fec_inner="2" system="1" modulation="2" onid="1" tsid="1006"/>
		<transponder frequency="11303000" symbol_rate="22000000" polarization="0" fec_inner="2" system="1" modulation="2" onid="1" tsid="1007"/>
		<transponder frequency="11318000" symbol_rate="22000000" polarization="1" fec_inner="4" system="0" modulation="1" onid="1" tsid="1008"/>
		<transponder frequency="11347000" symbol_rate="22000000" polarization="1" fec_inner="2" system="1" modulation="2" onid="1" tsid="1010"/>
		<transponder frequency="11362000" symbol_rate="22000000" polarization="0" fec_inner="2" system="1" modulation="2" onid="1" tsid="1011"/>
		<transponder frequency="11377000" symbol_rate="22000000" polarization="1" fec_inner="2" system="1" modulation="2" onid="1" tsid="1012"/>
		<transponder frequency="11391000" symbol_rate="22000000" polarization="0" fec_inner="4" system="0" modulation="1" onid="1" tsid="1013"/>
		<transponder frequency="11407000" symbol_rate="26000000" polarization="1" fec_inner="4" system="1" modulation="2" onid="1" tsid="1"/>
		<transponder frequency="11420000" symbol_rate="22000000" polarization="0" fec_inner="4" system="0" modulation="1" onid="1" tsid="1015"/>
		<transponder frequency="11436000" symbol_rate="22000000" polarization="1" fec_inner="2" system="1" modulation="2" onid="1" tsid="1016"/>
		<transponder frequency="11464000" symbol_rate="22000000" polarization="0" fec_inner="2" system="1" modulation="2" onid="1" tsid="1017"/>
		<transponder frequency="11485000" symbol_rate="9874000" polarization="1" fec_inner="3" system="1" modulation="2" onid="1" tsid="0"/>
		<transponder frequency="11494000" symbol_rate="22000000" polarization="0" fec_inner="2" system="1" modulation="2" onid="1" tsid="1019"/>
		<transponder frequency="11509000" symbol_rate="22000000" polarization="1" fec_inner="4" system="0" modulation="1" onid="1" tsid="1020"/>
		<transponder frequency="11523000" symbol_rate="22000000" polarization="0" fec_inner="2" system="1" modulation="2" onid="1" tsid="1021"/>
		<transponder frequency="11538000" symbol_rate="22000000" polarization="1" fec_inner="4" system="0" modulation="1" onid="1" tsid="1022"/>
		<transponder frequency="11553000" symbol_rate="22000000" polarization="0" fec_inner="2" system="1" modulation="2" onid="1" tsid="1023"/>
		<transponder frequency="11560000" symbol_rate="7200000" polarization="1" fec_inner="3" system="1" modulation="2" onid="65535" tsid="1"/>
		<transponder frequency="11568000" symbol_rate="22000000" polarization="1" fec_inner="3" system="1" modulation="2" onid="1" tsid="1"/>
		<transponder frequency="11582000" symbol_rate="22000000" polarization="0" fec_inner="2" system="1" modulation="2" onid="1" tsid="1025"/>
		<transponder frequency="11590000" symbol_rate="9874000" polarization="1" fec_inner="3" system="1" modulation="2" onid="65535" tsid="1"/>
		<transponder frequency="11597000" symbol_rate="22000000" polarization="1" fec_inner="4" system="0" modulation="1" onid="1" tsid="1026"/>
		<transponder frequency="11602000" symbol_rate="9874000" polarization="1" fec_inner="3" system="1" modulation="2" onid="235" tsid="17185"/>
		<transponder frequency="11605000" symbol_rate="9874000" polarization="0" fec_inner="3" system="1" modulation="2" onid="65280" tsid="0"/>
		<transponder frequency="11612000" symbol_rate="15000000" polarization="0" fec_inner="3" system="1" modulation="2" onid="1" tsid="1"/>
		<transponder frequency="11618000" symbol_rate="9874000" polarization="0" fec_inner="3" system="1" modulation="2" onid="65535" tsid="1"/>
		<transponder frequency="11627000" symbol_rate="26000000" polarization="1" fec_inner="6" system="1" modulation="2" onid="42069" tsid="101"/>
		<transponder frequency="11635000" symbol_rate="9874000" polarization="0" fec_inner="3" system="1" modulation="2" onid="65535" tsid="1"/>
		<transponder frequency="11648000" symbol_rate="7200000" polarization="1" fec_inner="3" system="1" modulation="2" onid="65535" tsid="1"/>
		<transponder frequency="11650000" symbol_rate="9874000" polarization="1" fec_inner="3" system="1" modulation="2" onid="65280" tsid="0"/>
		<transponder frequency="11662000" symbol_rate="9874000" polarization="1" fec_inner="3" system="1" modulation="2" onid="65535" tsid="1"/>
		<transponder frequency="11671000" symbol_rate="22000000" polarization="0" fec_inner="2" system="1" modulation="2" onid="1" tsid="1031"/>
		<transponder frequency="11686000" symbol_rate="22000000" polarization="1" fec_inner="4" system="0" modulation="1" onid="1" tsid="1032"/>
		<transponder frequency="11720000" symbol_rate="27500000" polarization="0" fec_inner="9" system="1" modulation="1" onid="133" tsid="3"/>
		<transponder frequency="11739000" symbol_rate="27500000" polarization="1" fec_inner="3" system="0" modulation="1" onid="1" tsid="1066"/>
		<transponder frequency="11758000" symbol_rate="27500000" polarization="0" fec_inner="9" system="1" modulation="1" onid="133" tsid="2"/>
		<transponder frequency="11778000" symbol_rate="29500000" polarization="1" fec_inner="9" system="1" modulation="1" onid="1" tsid="1068"/>
		<transponder frequency="11798000" symbol_rate="27500000" polarization="0" fec_inner="9" system="1" modulation="1" onid="133" tsid="16"/>
		<transponder frequency="11817000" symbol_rate="31428000" polarization="1" fec_inner="8" system="1" modulation="2" onid="1070" tsid="1070"/>
		<transponder frequency="11836000" symbol_rate="27500000" polarization="0" fec_inner="3" system="0" modulation="1" onid="1" tsid="1101"/>
		<transponder frequency="11856000" symbol_rate="29700000" polarization="1" fec_inner="2" system="1" modulation="2" onid="1" tsid="1072"/>
		<transponder frequency="11895000" symbol_rate="29700000" polarization="1" fec_inner="2" system="1" modulation="2" onid="1" tsid="1074"/>
		<transponder frequency="11914000" symbol_rate="27500000" polarization="0" fec_inner="9" system="1" modulation="1" onid="133" tsid="6"/>
		<transponder frequency="11934000" symbol_rate="29700000" polarization="1" fec_inner="2" system="1" modulation="2" onid="1" tsid="1076"/>
		<transponder frequency="11954000" symbol_rate="27500000" polarization="0" fec_inner="3" system="0" modulation="1" onid="1" tsid="1079"/>
		<transponder frequency="11973000" symbol_rate="27500000" polarization="1" fec_inner="3" system="0" modulation="1" onid="1" tsid="1078"/>
		<transponder frequency="11992000" symbol_rate="27500000" polarization="0" fec_inner="9" system="1" modulation="1" onid="133" tsid="13"/>
		<transponder frequency="12012000" symbol_rate="29700000" polarization="1" fec_inner="2" system="1" modulation="2" onid="1" tsid="1080"/>
		<transponder frequency="12032000" symbol_rate="27500000" polarization="0" fec_inner="9" system="1" modulation="1" onid="133" tsid="4"/>
		<transponder frequency="12051000" symbol_rate="27500000" polarization="1" fec_inner="3" system="0" modulation="1" onid="1" tsid="1082"/>
		<transponder frequency="12070000" symbol_rate="27500000" polarization="0" fec_inner="9" system="1" modulation="1" onid="133" tsid="8"/>
		<transponder frequency="12090000" symbol_rate="29700000" polarization="1" fec_inner="2" system="1" modulation="2" onid="1" tsid="1084"/>
		<transponder frequency="12110000" symbol_rate="27500000" polarization="0" fec_inner="3" system="0" modulation="1" onid="1" tsid="1073"/>
		<transponder frequency="12148000" symbol_rate="27500000" polarization="0" fec_inner="3" system="0" modulation="1" onid="133" tsid="7"/>
		<transponder frequency="12168000" symbol_rate="29700000" polarization="1" fec_inner="2" system="1" modulation="2" onid="1" tsid="1088"/>
		<transponder frequency="12188000" symbol_rate="27500000" polarization="0" fec_inner="3" system="0" modulation="1" onid="1" tsid="1089"/>
		<transponder frequency="12207000" symbol_rate="29700000" polarization="1" fec_inner="2" system="1" modulation="2" onid="1" tsid="1090"/>
		<transponder frequency="12226000" symbol_rate="27500000" polarization="0" fec_inner="3" system="0" modulation="1" onid="1" tsid="1091"/>
		<transponder frequency="12285000" symbol_rate="29700000" polarization="1" fec_inner="2" system="1" modulation="2" onid="1" tsid="1094"/>
		<transponder frequency="12304000" symbol_rate="27500000" polarization="0" fec_inner="9" system="1" modulation="1" onid="133" tsid="12"/>
		<transponder frequency="12324000" symbol_rate="29700000" polarization="1" fec_inner="2" system="1" modulation="2" onid="1" tsid="1096"/>
		<transponder frequency="12344000" symbol_rate="30000000" polarization="0" fec_inner="2" system="1" modulation="2" onid="1" tsid="1097"/>
		<transponder frequency="12363000" symbol_rate="27500000" polarization="1" fec_inner="3" system="0" modulation="1" onid="1" tsid="1098"/>
		<transponder frequency="12382000" symbol_rate="27500000" polarization="0" fec_inner="3" system="1" modulation="1" onid="133" tsid="11"/>
		<transponder frequency="12402000" symbol_rate="29700000" polarization="1" fec_inner="2" system="1" modulation="2" onid="1" tsid="1100"/>
		<transponder frequency="12422000" symbol_rate="27500000" polarization="0" fec_inner="3" system="0" modulation="1" onid="1" tsid="1201"/>
		<transponder frequency="12460000" symbol_rate="27500000" polarization="0" fec_inner="3" system="0" modulation="1" onid="133" tsid="5"/>
		<transponder frequency="12480000" symbol_rate="27500000" polarization="1" fec_inner="3" system="0" modulation="1" onid="133" tsid="33"/>
		<transponder frequency="12515000" symbol_rate="22000000" polarization="0" fec_inner="4" system="0" modulation="1" onid="53" tsid="1105"/>
		<transponder frequency="12522000" symbol_rate="22000000" polarization="1" fec_inner="2" system="1" modulation="2" onid="1" tsid="1106"/>
		<transponder frequency="12545000" symbol_rate="22000000" polarization="0" fec_inner="4" system="0" modulation="1" onid="1" tsid="1107"/>
		<transponder frequency="12552000" symbol_rate="22000000" polarization="1" fec_inner="4" system="0" modulation="1" onid="1" tsid="1108"/>
		<transponder frequency="12574000" symbol_rate="22000000" polarization="0" fec_inner="2" system="1" modulation="2" onid="1" tsid="1109"/>
		<transponder frequency="12604000" symbol_rate="22000000" polarization="0" fec_inner="4" system="0" modulation="1" onid="1" tsid="1111"/>
		<transponder frequency="12633000" symbol_rate="22000000" polarization="0" fec_inner="4" system="0" modulation="1" onid="1" tsid="1113"/>
		<transponder frequency="12663000" symbol_rate="22000000" polarization="0" fec_inner="4" system="0" modulation="1" onid="1" tsid="1115"/>
		<transponder frequency="12692000" symbol_rate="22000000" polarization="0" fec_inner="4" system="0" modulation="1" onid="1" tsid="1117"/>
		<transponder frequency="12699000" symbol_rate="23500000" polarization="1" fec_inner="3" system="1" modulation="2" onid="1" tsid="1118"/>
		<transponder frequency="12728000" symbol_rate="23500000" polarization="1" fec_inner="2" system="1" modulation="2" onid="1" tsid="1120"/>
	</sat>
	<sat name="Astra 3B (23.5E)" flags="1" position="235">
		<transponder frequency="11461000" symbol_rate="7200000" polarization="1" fec_inner="3" system="1" modulation="2" onid="0" tsid="1"/>
		<transponder frequency="11462000" symbol_rate="7200000" polarization="1" fec_inner="3" system="1" modulation="2" onid="65535" tsid="1"/>
		<transponder frequency="11465000" symbol_rate="4800000" polarization="1" fec_inner="3" system="1" modulation="2" onid="0" tsid="0"/>
		<transponder frequency="11470000" symbol_rate="7200000" polarization="1" fec_inner="3" system="1" modulation="2" onid="65535" tsid="2"/>
		<transponder frequency="11479000" symbol_rate="7200000" polarization="1" fec_inner="3" system="1" modulation="2" onid="0" tsid="0"/>
		<transponder frequency="11489000" symbol_rate="7200000" polarization="1" fec_inner="3" system="1" modulation="2" onid="65535" tsid="1"/>
		<transponder frequency="11500000" symbol_rate="7200000" polarization="1" fec_inner="3" system="1" modulation="2" onid="65535" tsid="2"/>
		<transponder frequency="11501000" symbol_rate="7200000" polarization="0" fec_inner="3" system="1" modulation="2" onid="1" tsid="1"/>
		<transponder frequency="11506000" symbol_rate="14500000" polarization="0" fec_inner="3" system="1" modulation="2" onid="1" tsid="1"/>
		<transponder frequency="11509000" symbol_rate="7200000" polarization="0" fec_inner="3" system="1" modulation="2" onid="1" tsid="1"/>
		<transponder frequency="11519000" symbol_rate="6974000" polarization="0" fec_inner="4" system="1" modulation="2" onid="1" tsid="1"/>
		<transponder frequency="11527000" symbol_rate="7200000" polarization="0" fec_inner="3" system="1" modulation="2" onid="65535" tsid="1"/>
		<transponder frequency="11530000" symbol_rate="7200000" polarization="0" fec_inner="3" system="1" modulation="2" onid="65535" tsid="2"/>
		<transponder frequency="11585000" symbol_rate="4800000" polarization="0" fec_inner="3" system="1" modulation="2" onid="65535" tsid="1"/>
		<transponder frequency="11592000" symbol_rate="4800000" polarization="0" fec_inner="3" system="1" modulation="2" onid="3" tsid="3007"/>
		<transponder frequency="11596000" symbol_rate="4800000" polarization="0" fec_inner="2" system="1" modulation="2" onid="3" tsid="3007"/>
		<transponder frequency="11609000" symbol_rate="4800000" polarization="0" fec_inner="3" system="1" modulation="2" onid="3" tsid="3007"/>
		<transponder frequency="11621000" symbol_rate="6900000" polarization="1" fec_inner="3" system="1" modulation="2" onid="65535" tsid="1"/>
		<transponder frequency="11624000" symbol_rate="7200000" polarization="1" fec_inner="3" system="1" modulation="2" onid="0" tsid="0"/>
		<transponder frequency="11640000" symbol_rate="7500000" polarization="1" fec_inner="3" system="1" modulation="2" onid="65535" tsid="1"/>
		<transponder frequency="11643000" symbol_rate="7583000" polarization="0" fec_inner="3" system="1" modulation="2" onid="1" tsid="0"/>
		<transponder frequency="11646000" symbol_rate="5000000" polarization="0" fec_inner="3" system="1" modulation="2" onid="0" tsid="17185"/>
		<transponder frequency="11648000" symbol_rate="7200000" polarization="1" fec_inner="3" system="1" modulation="2" onid="65535" tsid="2"/>
		<transponder frequency="11651000" symbol_rate="3780000" polarization="0" fec_inner="8" system="1" modulation="1" onid="3" tsid="11"/>
		<transponder frequency="11651000" symbol_rate="7200000" polarization="1" fec_inner="3" system="1" modulation="2" onid="1" tsid="0"/>
		<transponder frequency="11659000" symbol_rate="3750000" polarization="1" fec_inner="3" system="1" modulation="2" onid="318" tsid="9000"/>
		<transponder frequency="11661000" symbol_rate="7200000" polarization="0" fec_inner="3" system="1" modulation="2" onid="65535" tsid="1"/>
		<transponder frequency="11665000" symbol_rate="2880000" polarization="1" fec_inner="8" system="1" modulation="1" onid="5" tsid="15"/>
		<transponder frequency="11669000" symbol_rate="7200000" polarization="0" fec_inner="3" system="1" modulation="2" onid="65535" tsid="1"/>
		<transponder frequency="11676000" symbol_rate="1410000" polarization="1" fec_inner="8" system="1" modulation="1" onid="3" tsid="11"/>
		<transponder frequency="11680000" symbol_rate="7200000" polarization="0" fec_inner="3" system="1" modulation="2" onid="1" tsid="0"/>
		<transponder frequency="11681000" symbol_rate="1497000" polarization="1" fec_inner="3" system="1" modulation="1" onid="0" tsid="1"/>
		<transponder frequency="11691000" symbol_rate="3600000" polarization="0" fec_inner="3" system="1" modulation="2" onid="3" tsid="3022"/>
		<transponder frequency="11720000" symbol_rate="30000000" polarization="0" fec_inner="3" system="1" modulation="2" onid="3" tsid="3201"/>
		<transponder frequency="11739000" symbol_rate="29900000" polarization="1" fec_inner="2" system="1" modulation="2" onid="3" tsid="3202"/>
		<transponder frequency="11778000" symbol_rate="29900000" polarization="1" fec_inner="2" system="1" modulation="2" onid="3" tsid="3204"/>
		<transponder frequency="11798000" symbol_rate="30000000" polarization="0" fec_inner="3" system="1" modulation="2" onid="3" tsid="3205"/>
		<transponder frequency="11817000" symbol_rate="30000000" polarization="1" fec_inner="3" system="1" modulation="2" onid="3" tsid="3206"/>
		<transponder frequency="11856000" symbol_rate="29900000" polarization="1" fec_inner="2" system="1" modulation="2" onid="3" tsid="3208"/>
		<transponder frequency="11875000" symbol_rate="29900000" polarization="0" fec_inner="3" system="1" modulation="2" onid="3" tsid="3209"/>
		<transponder frequency="11895000" symbol_rate="30000000" polarization="1" fec_inner="3" system="1" modulation="2" onid="3" tsid="3210"/>
		<transponder frequency="11914000" symbol_rate="30000000" polarization="0" fec_inner="3" system="1" modulation="2" onid="3" tsid="3211"/>
		<transponder frequency="11934000" symbol_rate="27500000" polarization="1" fec_inner="3" system="1" modulation="2" onid="3" tsid="3212"/>
		<transponder frequency="11954000" symbol_rate="29900000" polarization="0" fec_inner="2" system="1" modulation="2" onid="3" tsid="3213"/>
		<transponder frequency="11973000" symbol_rate="29900000" polarization="1" fec_inner="2" system="1" modulation="2" onid="3" tsid="3214"/>
		<transponder frequency="12012000" symbol_rate="29900000" polarization="1" fec_inner="2" system="1" modulation="2" onid="3" tsid="3216"/>
		<transponder frequency="12032000" symbol_rate="27500000" polarization="0" fec_inner="9" system="1" modulation="1" onid="3" tsid="3217"/>
		<transponder frequency="12070000" symbol_rate="27500000" polarization="0" fec_inner="3" system="0" modulation="1" onid="3" tsid="3219"/>
		<transponder frequency="12090000" symbol_rate="29900000" polarization="1" fec_inner="2" system="1" modulation="2" onid="3" tsid="3220"/>
		<transponder frequency="12110000" symbol_rate="29900000" polarization="0" fec_inner="2" system="1" modulation="2" onid="3" tsid="3221"/>
		<transponder frequency="12129000" symbol_rate="29900000" polarization="1" fec_inner="2" system="1" modulation="2" onid="3" tsid="3222"/>
		<transponder frequency="12168000" symbol_rate="27500000" polarization="1" fec_inner="3" system="0" modulation="1" onid="3" tsid="3224"/>
		<transponder frequency="12187000" symbol_rate="29900000" polarization="0" fec_inner="2" system="1" modulation="2" onid="3" tsid="3225"/>
		<transponder frequency="12343000" symbol_rate="29900000" polarization="0" fec_inner="2" system="1" modulation="2" onid="3" tsid="3233"/>
		<transponder frequency="12363000" symbol_rate="29500000" polarization="1" fec_inner="3" system="1" modulation="2" onid="3" tsid="3234"/>
		<transponder frequency="12402000" symbol_rate="30000000" polarization="1" fec_inner="3" system="1" modulation="2" onid="3" tsid="3236"/>
		<transponder frequency="12508000" symbol_rate="3600000" polarization="1" fec_inner="3" system="1" modulation="2" onid="65535" tsid="1"/>
		<transponder frequency="12512000" symbol_rate="7500000" polarization="1" fec_inner="3" system="1" modulation="2" onid="1" tsid="1"/>
		<transponder frequency="12521000" symbol_rate="7500000" polarization="1" fec_inner="3" system="1" modulation="2" onid="65535" tsid="1"/>
		<transponder frequency="12528000" symbol_rate="7500000" polarization="1" fec_inner="4" system="1" modulation="2" onid="65535" tsid="1"/>
		<transponder frequency="12529000" symbol_rate="7200000" polarization="1" fec_inner="3" system="1" modulation="2" onid="0" tsid="0"/>
		<transponder frequency="12533000" symbol_rate="3650000" polarization="1" fec_inner="3" system="1" modulation="2" onid="65535" tsid="1"/>
		<transponder frequency="12539000" symbol_rate="7200000" polarization="1" fec_inner="3" system="1" modulation="2" onid="0" tsid="512"/>
		<transponder frequency="12548000" symbol_rate="1830000" polarization="1" fec_inner="3" system="1" modulation="1" onid="1" tsid="1"/>
		<transponder frequency="12564000" symbol_rate="7200000" polarization="1" fec_inner="3" system="1" modulation="2" onid="65535" tsid="1"/>
		<transponder frequency="12566000" symbol_rate="7200000" polarization="1" fec_inner="3" system="1" modulation="2" onid="1" tsid="1"/>
		<transponder frequency="12578000" symbol_rate="9874000" polarization="1" fec_inner="3" system="1" modulation="2" onid="65535" tsid="1"/>
		<transponder frequency="12591000" symbol_rate="7200000" polarization="1" fec_inner="3" system="1" modulation="2" onid="65535" tsid="1"/>
		<transponder frequency="12596000" symbol_rate="4800000" polarization="1" fec_inner="3" system="1" modulation="2" onid="65535" tsid="2"/>
		<transponder frequency="12597000" symbol_rate="14400000" polarization="1" fec_inner="3" system="1" modulation="2" onid="65535" tsid="1"/>
		<transponder frequency="12601000" symbol_rate="4800000" polarization="1" fec_inner="3" system="1" modulation="2" onid="0" tsid="0"/>
		<transponder frequency="12609000" symbol_rate="7200000" polarization="1" fec_inner="3" system="1" modulation="2" onid="1" tsid="1"/>
		<transponder frequency="12617000" symbol_rate="7200000" polarization="0" fec_inner="3" system="1" modulation="2" onid="65535" tsid="1"/>
		<transponder frequency="12618000" symbol_rate="7200000" polarization="1" fec_inner="3" system="1" modulation="2" onid="1" tsid="1"/>
		<transponder frequency="12637000" symbol_rate="1666000" polarization="1" fec_inner="4" system="1" modulation="2" onid="65280" tsid="1"/>
		<transponder frequency="12640000" symbol_rate="940000" polarization="1" fec_inner="1" system="0" modulation="1" onid="1" tsid="1"/>
		<transponder frequency="12643000" symbol_rate="280000" polarization="1" fec_inner="3" system="0" modulation="1" onid="1" tsid="1"/>
		<transponder frequency="12647000" symbol_rate="285000" polarization="1" fec_inner="5" system="0" modulation="1" onid="1" tsid="1"/>
		<transponder frequency="12652000" symbol_rate="7200000" polarization="1" fec_inner="3" system="1" modulation="2" onid="0" tsid="0"/>
		<transponder frequency="12668000" symbol_rate="1665000" polarization="0" fec_inner="4" system="1" modulation="2" onid="65280" tsid="1"/>
		<transponder frequency="12671000" symbol_rate="7200000" polarization="0" fec_inner="3" system="1" modulation="2" onid="1" tsid="1"/>
		<transponder frequency="12672000" symbol_rate="4800000" polarization="1" fec_inner="3" system="1" modulation="2" onid="65535" tsid="1"/>
		<transponder frequency="12675000" symbol_rate="7200000" polarization="1" fec_inner="3" system="1" modulation="2" onid="65535" tsid="1"/>
		<transponder frequency="12679000" symbol_rate="7200000" polarization="0" fec_inner="3" system="1" modulation="2" onid="1" tsid="1"/>
		<transponder frequency="12681000" symbol_rate="4936000" polarization="0" fec_inner="3" system="1" modulation="2" onid="1" tsid="1"/>
		<transponder frequency="12684000" symbol_rate="4800000" polarization="1" fec_inner="3" system="1" modulation="2" onid="0" tsid="0"/>
		<transponder frequency="12685000" symbol_rate="2400000" polarization="1" fec_inner="4" system="1" modulation="2" onid="65535" tsid="1"/>
		<transponder frequency="12690000" symbol_rate="4800000" polarization="1" fec_inner="3" system="1" modulation="2" onid="0" tsid="0"/>
		<transponder frequency="12692000" symbol_rate="4800000" polarization="1" fec_inner="3" system="1" modulation="2" onid="235" tsid="17185"/>
		<transponder frequency="12693000" symbol_rate="5000000" polarization="0" fec_inner="6" system="1" modulation="2" onid="0" tsid="0"/>
		<transponder frequency="12696000" symbol_rate="4800000" polarization="1" fec_inner="3" system="1" modulation="2" onid="235" tsid="17185"/>
		<transponder frequency="12698000" symbol_rate="7200000" polarization="0" fec_inner="3" system="1" modulation="2" onid="65535" tsid="2"/>
		<transponder frequency="12711000" symbol_rate="4800000" polarization="1" fec_inner="3" system="1" modulation="2" onid="65535" tsid="1"/>
		<transponder frequency="12712000" symbol_rate="7200000" polarization="0" fec_inner="3" system="1" modulation="2" onid="1" tsid="1"/>
		<transponder frequency="12714000" symbol_rate="7200000" polarization="1" fec_inner="3" system="1" modulation="2" onid="1" tsid="0"/>
		<transponder frequency="12717000" symbol_rate="7200000" polarization="1" fec_inner="3" system="1" modulation="2" onid="65535" tsid="1"/>
		<transponder frequency="12728000" symbol_rate="7200000" polarization="1" fec_inner="3" system="1" modulation="2" onid="65535" tsid="1"/>
		<transponder frequency="12735000" symbol_rate="15000000" polarization="0" fec_inner="3" system="1" modulation="2" onid="1" tsid="1"/>
		<transponder frequency="12738000" symbol_rate="7200000" polarization="1" fec_inner="3" system="1" modulation="2" onid="1" tsid="1"/>
	</sat>
	<sat name="Astra 2E/F/G (28.2E)" flags="1" position="282">
		<transponder frequency="10714000" symbol_rate="22000000" polarization="0" fec_inner="4" system="0" modulation="1" onid="2" tsid="2041"/>
		<transponder frequency="10773000" symbol_rate="23000000" polarization="0" fec_inner="3" system="1" modulation="2" onid="2" tsid="2045"/>
		<transponder frequency="10788000" symbol_rate="23000000" polarization="1" fec_inner="3" system="1" modulation="2" onid="2" tsid="2046"/>
		<transponder frequency="10803000" symbol_rate="22000000" polarization="0" fec_inner="4" system="0" modulation="1" onid="2" tsid="2047"/>
		<transponder frequency="10818000" symbol_rate="23000000" polarization="1" fec_inner="3" system="1" modulation="2" onid="2" tsid="2048"/>
		<transponder frequency="10847000" symbol_rate="23000000" polarization="1" fec_inner="3" system="1" modulation="2" onid="2" tsid="2050"/>
		<transponder frequency="10891000" symbol_rate="22000000" polarization="0" fec_inner="4" system="0" modulation="1" onid="2" tsid="2053"/>
		<transponder frequency="10906000" symbol_rate="22000000" polarization="1" fec_inner="4" system="0" modulation="1" onid="2" tsid="2054"/>
		<transponder frequency="10936000" symbol_rate="22000000" polarization="1" fec_inner="4" system="0" modulation="1" onid="2" tsid="2056"/>
		<transponder frequency="11024000" symbol_rate="23000000" polarization="0" fec_inner="3" system="1" modulation="2" onid="2" tsid="2061"/>
		<transponder frequency="11038000" symbol_rate="22000000" polarization="1" fec_inner="4" system="0" modulation="1" onid="2" tsid="2062"/>
		<transponder frequency="11052000" symbol_rate="23000000" polarization="0" fec_inner="3" system="1" modulation="2" onid="2" tsid="2063"/>
		<transponder frequency="11068000" symbol_rate="23000000" polarization="1" fec_inner="3" system="1" modulation="2" onid="2" tsid="2064"/>
		<transponder frequency="11082000" symbol_rate="22000000" polarization="0" fec_inner="4" system="0" modulation="1" onid="2" tsid="2065"/>
		<transponder frequency="11097000" symbol_rate="23000000" polarization="1" fec_inner="3" system="1" modulation="2" onid="2" tsid="2066"/>
		<transponder frequency="11112000" symbol_rate="22000000" polarization="0" fec_inner="4" system="0" modulation="1" onid="2" tsid="2067"/>
		<transponder frequency="11127000" symbol_rate="22000000" polarization="1" fec_inner="4" system="0" modulation="1" onid="2" tsid="2068"/>
		<transponder frequency="11141000" symbol_rate="22000000" polarization="0" fec_inner="4" system="0" modulation="1" onid="2" tsid="2069"/>
		<transponder frequency="11171000" symbol_rate="22000000" polarization="0" fec_inner="4" system="0" modulation="1" onid="2" tsid="2071"/>
		<transponder frequency="11225000" symbol_rate="27500000" polarization="0" fec_inner="2" system="0" modulation="1" onid="2" tsid="2105"/>
		<transponder frequency="11225000" symbol_rate="23000000" polarization="1" fec_inner="2" system="1" modulation="2" onid="2" tsid="2106"/>
		<transponder frequency="11264000" symbol_rate="27500000" polarization="0" fec_inner="2" system="0" modulation="1" onid="2" tsid="2107"/>
		<transponder frequency="11265000" symbol_rate="27500000" polarization="1" fec_inner="2" system="0" modulation="1" onid="2" tsid="2108"/>
		<transponder frequency="11306000" symbol_rate="27500000" polarization="0" fec_inner="2" system="0" modulation="1" onid="2" tsid="2109"/>
		<transponder frequency="11307000" symbol_rate="27500000" polarization="1" fec_inner="4" system="0" modulation="1" onid="2" tsid="2110"/>
		<transponder frequency="11344000" symbol_rate="27500000" polarization="0" fec_inner="4" system="0" modulation="1" onid="2" tsid="2111"/>
		<transponder frequency="11344000" symbol_rate="27500000" polarization="1" fec_inner="4" system="0" modulation="1" onid="2" tsid="2112"/>
		<transponder frequency="11386000" symbol_rate="29500000" polarization="0" fec_inner="6" system="1" modulation="1" onid="2" tsid="2113"/>
		<transponder frequency="11386000" symbol_rate="29500000" polarization="1" fec_inner="6" system="1" modulation="1" onid="2" tsid="2114"/>
		<transponder frequency="11426000" symbol_rate="27500000" polarization="0" fec_inner="2" system="0" modulation="1" onid="59" tsid="2315"/>
		<transponder frequency="11426000" symbol_rate="29500000" polarization="1" fec_inner="6" system="1" modulation="1" onid="2" tsid="2116"/>
		<transponder frequency="11464000" symbol_rate="22000000" polarization="0" fec_inner="4" system="0" modulation="1" onid="2" tsid="2089"/>
		<transponder frequency="11494000" symbol_rate="22000000" polarization="0" fec_inner="4" system="0" modulation="1" onid="2" tsid="2091"/>
		<transponder frequency="11509000" symbol_rate="23000000" polarization="1" fec_inner="2" system="1" modulation="2" onid="2" tsid="2092"/>
		<transponder frequency="11538000" symbol_rate="22000000" polarization="1" fec_inner="4" system="0" modulation="1" onid="2" tsid="2094"/>
		<transponder frequency="11553000" symbol_rate="22000000" polarization="0" fec_inner="4" system="0" modulation="1" onid="2" tsid="2095"/>
		<transponder frequency="11567000" symbol_rate="22000000" polarization="1" fec_inner="4" system="0" modulation="1" onid="2" tsid="2096"/>
		<transponder frequency="11582000" symbol_rate="22000000" polarization="0" fec_inner="4" system="0" modulation="1" onid="2" tsid="2097"/>
		<transponder frequency="11597000" symbol_rate="22000000" polarization="1" fec_inner="4" system="0" modulation="1" onid="2" tsid="2098"/>
		<transponder frequency="11626000" symbol_rate="22000000" polarization="1" fec_inner="4" system="0" modulation="1" onid="2" tsid="2100"/>
		<transponder frequency="11641000" symbol_rate="23000000" polarization="0" fec_inner="2" system="1" modulation="2" onid="2" tsid="2101"/>
		<transponder frequency="11656000" symbol_rate="22000000" polarization="1" fec_inner="4" system="0" modulation="1" onid="2" tsid="2102"/>
		<transponder frequency="11671000" symbol_rate="23000000" polarization="0" fec_inner="2" system="1" modulation="2" onid="2" tsid="2103"/>
		<transponder frequency="11685000" symbol_rate="23000000" polarization="1" fec_inner="2" system="1" modulation="2" onid="2" tsid="2104"/>
		<transponder frequency="11758000" symbol_rate="27500000" polarization="0" fec_inner="2" system="1" modulation="2" onid="2" tsid="2003"/>
		<transponder frequency="11778000" symbol_rate="27500000" polarization="1" fec_inner="2" system="0" modulation="1" onid="2" tsid="2004"/>
		<transponder frequency="11836000" symbol_rate="27500000" polarization="0" fec_inner="4" system="0" modulation="1" onid="2" tsid="2007"/>
		<transponder frequency="11856000" symbol_rate="27500000" polarization="1" fec_inner="2" system="1" modulation="2" onid="2" tsid="2008"/>
		<transponder frequency="11914000" symbol_rate="27500000" polarization="0" fec_inner="4" system="0" modulation="1" onid="2" tsid="2011"/>
		<transponder frequency="11934000" symbol_rate="27500000" polarization="1" fec_inner="4" system="0" modulation="1" onid="2" tsid="2012"/>
		<transponder frequency="12012000" symbol_rate="27500000" polarization="1" fec_inner="2" system="1" modulation="2" onid="2" tsid="2016"/>
		<transponder frequency="12070000" symbol_rate="27500000" polarization="0" fec_inner="4" system="0" modulation="1" onid="2" tsid="2019"/>
		<transponder frequency="12090000" symbol_rate="27500000" polarization="1" fec_inner="2" system="1" modulation="2" onid="2" tsid="2020"/>
		<transponder frequency="12110000" symbol_rate="27500000" polarization="0" fec_inner="2" system="1" modulation="2" onid="2" tsid="2021"/>
		<transponder frequency="12129000" symbol_rate="27500000" polarization="1" fec_inner="4" system="0" modulation="1" onid="2" tsid="2022"/>
		<transponder frequency="12148000" symbol_rate="27500000" polarization="0" fec_inner="4" system="0" modulation="1" onid="2" tsid="2023"/>
		<transponder frequency="12168000" symbol_rate="27500000" polarization="1" fec_inner="2" system="1" modulation="2" onid="2" tsid="2024"/>
		<transponder frequency="12188000" symbol_rate="27500000" polarization="0" fec_inner="2" system="1" modulation="2" onid="2" tsid="2025"/>
		<transponder frequency="12207000" symbol_rate="27500000" polarization="1" fec_inner="2" system="1" modulation="2" onid="2" tsid="2026"/>
		<transponder frequency="12226000" symbol_rate="27500000" polarization="0" fec_inner="2" system="1" modulation="2" onid="2" tsid="2027"/>
		<transponder frequency="12246000" symbol_rate="27500000" polarization="1" fec_inner="2" system="1" modulation="2" onid="2" tsid="2028"/>
		<transponder frequency="12266000" symbol_rate="27500000" polarization="0" fec_inner="2" system="1" modulation="2" onid="2" tsid="2029"/>
		<transponder frequency="12285000" symbol_rate="27500000" polarization="1" fec_inner="2" system="1" modulation="2" onid="2" tsid="2030"/>
		<transponder frequency="12324000" symbol_rate="27500000" polarization="1" fec_inner="2" system="1" modulation="2" onid="2" tsid="2032"/>
		<transponder frequency="12363000" symbol_rate="27500000" polarization="1" fec_inner="2" system="1" modulation="2" onid="2" tsid="2034"/>
		<transponder frequency="12382000" symbol_rate="27500000" polarization="0" fec_inner="4" system="0" modulation="1" onid="2" tsid="2035"/>
		<transponder frequency="12441000" symbol_rate="29500000" polarization="1" fec_inner="6" system="1" modulation="1" onid="2" tsid="2038"/>
		<transponder frequency="12507000" symbol_rate="7200000" polarization="0" fec_inner="3" system="1" modulation="2" onid="65535" tsid="1"/>
		<transponder frequency="12509000" symbol_rate="9860000" polarization="0" fec_inner="3" system="1" modulation="2" onid="1" tsid="0"/>
		<transponder frequency="12512000" symbol_rate="7200000" polarization="0" fec_inner="3" system="1" modulation="2" onid="65535" tsid="1"/>
		<transponder frequency="12515000" symbol_rate="14400000" polarization="0" fec_inner="3" system="1" modulation="2" onid="1" tsid="1"/>
		<transponder frequency="12521000" symbol_rate="9860000" polarization="0" fec_inner="3" system="1" modulation="2" onid="65535" tsid="1"/>
		<transponder frequency="12535000" symbol_rate="7200000" polarization="0" fec_inner="3" system="1" modulation="2" onid="65535" tsid="1"/>
		<transponder frequency="12542000" symbol_rate="15000000" polarization="0" fec_inner="3" system="1" modulation="2" onid="1" tsid="1"/>
		<transponder frequency="12542000" symbol_rate="7200000" polarization="1" fec_inner="0" system="1" modulation="2" onid="235" tsid="160"/>
		<transponder frequency="12551000" symbol_rate="5000000" polarization="0" fec_inner="4" system="1" modulation="2" onid="65535" tsid="2"/>
		<transponder frequency="12553000" symbol_rate="7200000" polarization="1" fec_inner="3" system="1" modulation="2" onid="65535" tsid="1"/>
		<transponder frequency="12571000" symbol_rate="7200000" polarization="1" fec_inner="3" system="1" modulation="2" onid="65535" tsid="1"/>
		<transponder frequency="12625000" symbol_rate="7200000" polarization="0" fec_inner="3" system="1" modulation="2" onid="0" tsid="0"/>
		<transponder frequency="12630000" symbol_rate="7200000" polarization="1" fec_inner="3" system="1" modulation="2" onid="65535" tsid="1"/>
		<transponder frequency="12633000" symbol_rate="7200000" polarization="1" fec_inner="3" system="1" modulation="2" onid="65535" tsid="1"/>
		<transponder frequency="12641000" symbol_rate="7200000" polarization="0" fec_inner="3" system="1" modulation="2" onid="235" tsid="160"/>
		<transponder frequency="12690000" symbol_rate="3750000" polarization="1" fec_inner="2" system="1" modulation="2" onid="65535" tsid="1"/>
		<transponder frequency="12696000" symbol_rate="7200000" polarization="1" fec_inner="3" system="1" modulation="2" onid="65535" tsid="1"/>
		<transponder frequency="12702000" symbol_rate="7200000" polarization="1" fec_inner="3" system="1" modulation="2" onid="235" tsid="160"/>
	</sat>
</satellites>
