<?xml version="1.0" encoding="iso-8859-1"?>
<!-- File generated by Morpheus883's xml generator -->
<satellites>
	<sat name="Intelsat 10-02 Thor 5/6/7 (0.8W)" flags="1" position="-8">
		<transponder frequency="10716000" symbol_rate="25000000" polarization="0" fec_inner="3" system="1" modulation="2" onid="70" tsid="71"/>
		<transponder frequency="10747000" symbol_rate="25000000" polarization="0" fec_inner="3" system="1" modulation="2" onid="70" tsid="68"/>
		<transponder frequency="10747000" symbol_rate="25000000" polarization="1" fec_inner="3" system="1" modulation="2" onid="70" tsid="70"/>
		<transponder frequency="10778000" symbol_rate="25000000" polarization="0" fec_inner="3" system="1" modulation="2" onid="70" tsid="66"/>
		<transponder frequency="10778000" symbol_rate="25000000" polarization="1" fec_inner="3" system="1" modulation="2" onid="70" tsid="67"/>
		<transponder frequency="10809000" symbol_rate="25000000" polarization="0" fec_inner="3" system="1" modulation="2" onid="70" tsid="65"/>
		<transponder frequency="10809000" symbol_rate="25000000" polarization="1" fec_inner="3" system="1" modulation="2" onid="70" tsid="62"/>
		<transponder frequency="10841000" symbol_rate="25000000" polarization="0" fec_inner="3" system="1" modulation="2" onid="70" tsid="63"/>
		<transponder frequency="10872000" symbol_rate="25000000" polarization="0" fec_inner="3" system="1" modulation="2" onid="70" tsid="72"/>
		<transponder frequency="10903000" symbol_rate="25000000" polarization="0" fec_inner="3" system="1" modulation="2" onid="70" tsid="48"/>
		<transponder frequency="10903000" symbol_rate="25000000" polarization="1" fec_inner="3" system="1" modulation="2" onid="70" tsid="69"/>
		<transponder frequency="10934000" symbol_rate="25000000" polarization="0" fec_inner="3" system="1" modulation="2" onid="70" tsid="14"/>
		<transponder frequency="10934000" symbol_rate="25000000" polarization="1" fec_inner="3" system="1" modulation="2" onid="70" tsid="10"/>
		<transponder frequency="10973000" symbol_rate="7200000" polarization="1" fec_inner="3" system="1" modulation="2" onid="1" tsid="1"/>
		<transponder frequency="11096000" symbol_rate="3200000" polarization="1" fec_inner="4" system="1" modulation="2" onid="65535" tsid="1"/>
		<transponder frequency="11118000" symbol_rate="1000000" polarization="0" fec_inner="1" system="1" modulation="1" onid="0" tsid="1"/>
		<transponder frequency="11216000" symbol_rate="25000000" polarization="1" fec_inner="3" system="1" modulation="2" onid="70" tsid="27"/>
		<transponder frequency="11229000" symbol_rate="25000000" polarization="0" fec_inner="3" system="1" modulation="2" onid="70" tsid="4"/>
		<transponder frequency="11247000" symbol_rate="24500000" polarization="1" fec_inner="5" system="0" modulation="1" onid="70" tsid="1"/>
		<transponder frequency="11261000" symbol_rate="25000000" polarization="0" fec_inner="3" system="1" modulation="2" onid="70" tsid="33"/>
		<transponder frequency="11278000" symbol_rate="25000000" polarization="1" fec_inner="3" system="1" modulation="2" onid="70" tsid="3"/>
		<transponder frequency="11309000" symbol_rate="25000000" polarization="1" fec_inner="3" system="1" modulation="2" onid="70" tsid="2"/>
		<transponder frequency="11325000" symbol_rate="25000000" polarization="0" fec_inner="3" system="1" modulation="2" onid="70" tsid="25"/>
		<transponder frequency="11341000" symbol_rate="25000000" polarization="1" fec_inner="3" system="1" modulation="2" onid="70" tsid="43"/>
		<transponder frequency="11372000" symbol_rate="25000000" polarization="1" fec_inner="3" system="1" modulation="2" onid="70" tsid="35"/>
		<transponder frequency="11389000" symbol_rate="24500000" polarization="0" fec_inner="5" system="0" modulation="1" onid="70" tsid="34"/>
		<transponder frequency="11460000" symbol_rate="4800000" polarization="1" fec_inner="3" system="1" modulation="2" onid="1" tsid="1"/>
		<transponder frequency="11462000" symbol_rate="3870000" polarization="1" fec_inner="2" system="1" modulation="4" onid="1" tsid="1"/>
		<transponder frequency="11463000" symbol_rate="4990000" polarization="1" fec_inner="2" system="1" modulation="2" onid="1" tsid="1"/>
		<transponder frequency="11466000" symbol_rate="10000000" polarization="1" fec_inner="3" system="1" modulation="2" onid="65535" tsid="1"/>
		<transponder frequency="11471000" symbol_rate="9874000" polarization="1" fec_inner="3" system="1" modulation="2" onid="0" tsid="0"/>
		<transponder frequency="11486000" symbol_rate="14400000" polarization="1" fec_inner="3" system="1" modulation="2" onid="65535" tsid="1"/>
		<transponder frequency="11496000" symbol_rate="15000000" polarization="1" fec_inner="2" system="1" modulation="2" onid="0" tsid="160"/>
		<transponder frequency="11499000" symbol_rate="7200000" polarization="1" fec_inner="3" system="1" modulation="2" onid="1" tsid="1"/>
		<transponder frequency="11505000" symbol_rate="4800000" polarization="1" fec_inner="3" system="1" modulation="2" onid="1" tsid="1"/>
		<transponder frequency="11508000" symbol_rate="9600000" polarization="1" fec_inner="3" system="1" modulation="2" onid="0" tsid="1"/>
		<transponder frequency="11513000" symbol_rate="15000000" polarization="1" fec_inner="3" system="1" modulation="2" onid="1" tsid="1"/>
		<transponder frequency="11520000" symbol_rate="7200000" polarization="1" fec_inner="3" system="1" modulation="2" onid="1" tsid="1"/>
		<transponder frequency="11538000" symbol_rate="3200000" polarization="1" fec_inner="4" system="1" modulation="2" onid="1" tsid="1"/>
		<transponder frequency="11656000" symbol_rate="7200000" polarization="1" fec_inner="3" system="1" modulation="2" onid="1" tsid="1"/>
		<transponder frequency="11674000" symbol_rate="7200000" polarization="1" fec_inner="3" system="1" modulation="2" onid="65535" tsid="1"/>
		<transponder frequency="11727000" symbol_rate="28000000" polarization="1" fec_inner="5" system="0" modulation="1" onid="1536" tsid="701"/>
		<transponder frequency="11747000" symbol_rate="30000000" polarization="0" fec_inner="3" system="1" modulation="2" onid="187" tsid="2807"/>
		<transponder frequency="11766000" symbol_rate="28000000" polarization="1" fec_inner="5" system="0" modulation="1" onid="1536" tsid="702"/>
		<transponder frequency="11785000" symbol_rate="28000000" polarization="0" fec_inner="5" system="0" modulation="1" onid="1" tsid="5"/>
		<transponder frequency="11823000" symbol_rate="30000000" polarization="0" fec_inner="4" system="1" modulation="2" onid="1" tsid="13"/>
		<transponder frequency="11862000" symbol_rate="28000000" polarization="0" fec_inner="5" system="0" modulation="1" onid="1" tsid="7"/>
		<transponder frequency="11900000" symbol_rate="28000000" polarization="0" fec_inner="4" system="0" modulation="1" onid="1" tsid="12"/>
		<transponder frequency="11919000" symbol_rate="28000000" polarization="1" fec_inner="5" system="0" modulation="1" onid="1536" tsid="711"/>
		<transponder frequency="11938000" symbol_rate="28000000" polarization="0" fec_inner="5" system="0" modulation="1" onid="1536" tsid="707"/>
		<transponder frequency="11958000" symbol_rate="28000000" polarization="1" fec_inner="5" system="0" modulation="1" onid="1536" tsid="712"/>
		<transponder frequency="11977000" symbol_rate="30000000" polarization="0" fec_inner="3" system="1" modulation="2" onid="187" tsid="2802"/>
		<transponder frequency="11996000" symbol_rate="28000000" polarization="1" fec_inner="5" system="0" modulation="1" onid="1536" tsid="704"/>
		<transponder frequency="12034000" symbol_rate="30000000" polarization="1" fec_inner="3" system="1" modulation="2" onid="1536" tsid="705"/>
		<transponder frequency="12054000" symbol_rate="30000000" polarization="0" fec_inner="3" system="1" modulation="2" onid="187" tsid="2801"/>
		<transponder frequency="12073000" symbol_rate="28000000" polarization="1" fec_inner="5" system="0" modulation="1" onid="1536" tsid="706"/>
		<transponder frequency="12111000" symbol_rate="30000000" polarization="1" fec_inner="3" system="1" modulation="2" onid="1536" tsid="715"/>
		<transponder frequency="12130000" symbol_rate="28000000" polarization="0" fec_inner="5" system="0" modulation="1" onid="1" tsid="3"/>
		<transponder frequency="12149000" symbol_rate="30000000" polarization="1" fec_inner="3" system="1" modulation="2" onid="1536" tsid="716"/>
		<transponder frequency="12169000" symbol_rate="30000000" polarization="0" fec_inner="3" system="1" modulation="2" onid="187" tsid="2803"/>
		<transponder frequency="12188000" symbol_rate="28000000" polarization="1" fec_inner="5" system="0" modulation="1" onid="1" tsid="4"/>
		<transponder frequency="12226000" symbol_rate="27500000" polarization="1" fec_inner="4" system="0" modulation="1" onid="704" tsid="27"/>
		<transponder frequency="12245000" symbol_rate="30000000" polarization="0" fec_inner="3" system="1" modulation="2" onid="187" tsid="2804"/>
		<transponder frequency="12265000" symbol_rate="28000000" polarization="1" fec_inner="5" system="0" modulation="1" onid="1536" tsid="709"/>
		<transponder frequency="12322000" symbol_rate="30000000" polarization="0" fec_inner="3" system="1" modulation="2" onid="70" tsid="85"/>
		<transponder frequency="12360000" symbol_rate="30000000" polarization="0" fec_inner="3" system="1" modulation="2" onid="70" tsid="84"/>
		<transponder frequency="12380000" symbol_rate="30000000" polarization="1" fec_inner="3" system="1" modulation="2" onid="187" tsid="2806"/>
		<transponder frequency="12399000" symbol_rate="30000000" polarization="0" fec_inner="2" system="1" modulation="2" onid="70" tsid="75"/>
		<transponder frequency="12418000" symbol_rate="28000000" polarization="1" fec_inner="5" system="0" modulation="1" onid="70" tsid="20"/>
		<transponder frequency="12437000" symbol_rate="30000000" polarization="0" fec_inner="3" system="1" modulation="2" onid="70" tsid="79"/>
		<transponder frequency="12456000" symbol_rate="30000000" polarization="1" fec_inner="3" system="1" modulation="2" onid="187" tsid="2809"/>
		<transponder frequency="12476000" symbol_rate="30000000" polarization="0" fec_inner="2" system="1" modulation="2" onid="70" tsid="80"/>
		<transponder frequency="12510000" symbol_rate="2600000" polarization="1" fec_inner="8" system="1" modulation="2" onid="1" tsid="160"/>
		<transponder frequency="12518000" symbol_rate="2080000" polarization="1" fec_inner="3" system="1" modulation="2" onid="65535" tsid="1"/>
		<transponder frequency="12521000" symbol_rate="2080000" polarization="1" fec_inner="3" system="1" modulation="2" onid="191" tsid="191"/>
		<transponder frequency="12527000" symbol_rate="28800000" polarization="0" fec_inner="7" system="1" modulation="1" onid="187" tsid="2808"/>
		<transponder frequency="12528000" symbol_rate="6660000" polarization="1" fec_inner="3" system="1" modulation="2" onid="1" tsid="1"/>
		<transponder frequency="12531000" symbol_rate="6660000" polarization="1" fec_inner="3" system="1" modulation="2" onid="65535" tsid="310"/>
		<transponder frequency="12534000" symbol_rate="4800000" polarization="1" fec_inner="3" system="1" modulation="2" onid="65535" tsid="1"/>
		<transponder frequency="12543000" symbol_rate="6660000" polarization="1" fec_inner="3" system="1" modulation="2" onid="65535" tsid="1"/>
		<transponder frequency="12607000" symbol_rate="28800000" polarization="1" fec_inner="7" system="1" modulation="1" onid="187" tsid="2811"/>
		<transponder frequency="12611000" symbol_rate="14500000" polarization="0" fec_inner="3" system="1" modulation="2" onid="0" tsid="0"/>
		<transponder frequency="12638000" symbol_rate="14500000" polarization="0" fec_inner="3" system="1" modulation="2" onid="0" tsid="0"/>
		<transponder frequency="12643000" symbol_rate="28800000" polarization="1" fec_inner="3" system="1" modulation="2" onid="2" tsid="1305"/>
		<transponder frequency="12687000" symbol_rate="27500000" polarization="0" fec_inner="3" system="0" modulation="1" onid="1" tsid="1"/>
		<transponder frequency="12687000" symbol_rate="28800000" polarization="1" fec_inner="7" system="1" modulation="1" onid="10" tsid="12"/>
		<transponder frequency="12723000" symbol_rate="27500000" polarization="0" fec_inner="3" system="0" modulation="1" onid="1" tsid="2"/>
		<transponder frequency="12723000" symbol_rate="26666000" polarization="1" fec_inner="2" system="0" modulation="1" onid="46300" tsid="1790"/>
	</sat>
	<sat name="Hot Bird 13 F/G (13.0E)" flags="1" position="130">
		<transponder frequency="10719000" symbol_rate="27500000" polarization="1" fec_inner="3" system="1" modulation="2" onid="318" tsid="11000"/>
		<transponder frequency="10727000" symbol_rate="30000000" polarization="0" fec_inner="3" system="1" modulation="2" onid="318" tsid="11100"/>
		<transponder frequency="10758000" symbol_rate="27500000" polarization="1" fec_inner="3" system="1" modulation="2" onid="318" tsid="11200"/>
		<transponder frequency="10775000" symbol_rate="29900000" polarization="0" fec_inner="2" system="1" modulation="2" onid="318" tsid="11300"/>
		<transponder frequency="10796000" symbol_rate="27500000" polarization="1" fec_inner="3" system="1" modulation="2" onid="318" tsid="11400"/>
		<transponder frequency="10853000" symbol_rate="29900000" polarization="0" fec_inner="2" system="1" modulation="2" onid="318" tsid="11700"/>
		<transponder frequency="10873000" symbol_rate="27500000" polarization="1" fec_inner="3" system="1" modulation="2" onid="176" tsid="11800"/>
		<transponder frequency="10911000" symbol_rate="27500000" polarization="1" fec_inner="3" system="1" modulation="2" onid="318" tsid="12000"/>
		<transponder frequency="10930000" symbol_rate="30000000" polarization="0" fec_inner="2" system="1" modulation="2" onid="318" tsid="12100"/>
		<transponder frequency="10949000" symbol_rate="27500000" polarization="1" fec_inner="2" system="1" modulation="2" onid="318" tsid="12200"/>
		<transponder frequency="10971000" symbol_rate="29700000" polarization="0" fec_inner="2" system="1" modulation="2" onid="318" tsid="12300"/>
		<transponder frequency="10992000" symbol_rate="27500000" polarization="1" fec_inner="2" system="0" modulation="1" onid="318" tsid="12400"/>
		<transponder frequency="11013000" symbol_rate="29900000" polarization="0" fec_inner="3" system="1" modulation="2" onid="318" tsid="12500"/>
		<transponder frequency="11034000" symbol_rate="27500000" polarization="1" fec_inner="3" system="0" modulation="1" onid="318" tsid="12600"/>
		<transponder frequency="11075000" symbol_rate="30000000" polarization="1" fec_inner="3" system="1" modulation="2" onid="318" tsid="12800"/>
		<transponder frequency="11096000" symbol_rate="30000000" polarization="0" fec_inner="2" system="1" modulation="2" onid="318" tsid="12900"/>
		<transponder frequency="11117000" symbol_rate="27500000" polarization="1" fec_inner="3" system="1" modulation="2" onid="318" tsid="13000"/>
		<transponder frequency="11137000" symbol_rate="27500000" polarization="0" fec_inner="3" system="0" modulation="1" onid="318" tsid="13100"/>
		<transponder frequency="11158000" symbol_rate="27500000" polarization="1" fec_inner="3" system="1" modulation="2" onid="113" tsid="13200"/>
		<transponder frequency="11179000" symbol_rate="27500000" polarization="0" fec_inner="2" system="1" modulation="2" onid="318" tsid="13300"/>
		<transponder frequency="11209000" symbol_rate="7200000" polarization="1" fec_inner="3" system="1" modulation="2" onid="1" tsid="1"/>
		<transponder frequency="11211000" symbol_rate="9600000" polarization="1" fec_inner="3" system="1" modulation="2" onid="1" tsid="1"/>
		<transponder frequency="11240000" symbol_rate="27500000" polarization="1" fec_inner="4" system="1" modulation="2" onid="318" tsid="200"/>
		<transponder frequency="11258000" symbol_rate="27500000" polarization="0" fec_inner="3" system="1" modulation="2" onid="318" tsid="300"/>
		<transponder frequency="11278000" symbol_rate="27500000" polarization="1" fec_inner="4" system="1" modulation="2" onid="318" tsid="400"/>
		<transponder frequency="11296000" symbol_rate="27500000" polarization="0" fec_inner="4" system="0" modulation="1" onid="252" tsid="500"/>
		<transponder frequency="11334000" symbol_rate="27500000" polarization="0" fec_inner="3" system="1" modulation="2" onid="318" tsid="700"/>
		<transponder frequency="11373000" symbol_rate="27500000" polarization="0" fec_inner="3" system="1" modulation="2" onid="318" tsid="900"/>
		<transponder frequency="11393000" symbol_rate="27500000" polarization="1" fec_inner="3" system="1" modulation="2" onid="318" tsid="1000"/>
		<transponder frequency="11411000" symbol_rate="27500000" polarization="0" fec_inner="4" system="1" modulation="2" onid="318" tsid="1100"/>
		<transponder frequency="11432000" symbol_rate="29900000" polarization="1" fec_inner="3" system="1" modulation="2" onid="272" tsid="1200"/>
		<transponder frequency="11449000" symbol_rate="27500000" polarization="0" fec_inner="4" system="1" modulation="2" onid="318" tsid="1300"/>
		<transponder frequency="11470000" symbol_rate="33000000" polarization="1" fec_inner="2" system="1" modulation="2" onid="1" tsid="1002"/>
		<transponder frequency="11488000" symbol_rate="27500000" polarization="0" fec_inner="4" system="1" modulation="2" onid="318" tsid="1500"/>
		<transponder frequency="11508000" symbol_rate="27500000" polarization="1" fec_inner="3" system="1" modulation="2" onid="318" tsid="1600"/>
		<transponder frequency="11526000" symbol_rate="33000000" polarization="0" fec_inner="2" system="1" modulation="2" onid="2" tsid="2003"/>
		<transponder frequency="11566000" symbol_rate="29900000" polarization="0" fec_inner="3" system="1" modulation="2" onid="1" tsid="15300"/>
		<transponder frequency="11585000" symbol_rate="27500000" polarization="1" fec_inner="4" system="1" modulation="2" onid="318" tsid="15400"/>
		<transponder frequency="11642000" symbol_rate="27500000" polarization="0" fec_inner="3" system="1" modulation="2" onid="318" tsid="15700"/>
		<transponder frequency="11662000" symbol_rate="27500000" polarization="1" fec_inner="3" system="1" modulation="2" onid="318" tsid="15800"/>
		<transponder frequency="11681000" symbol_rate="27500000" polarization="0" fec_inner="3" system="1" modulation="2" onid="319" tsid="15900"/>
		<transponder frequency="11727000" symbol_rate="29900000" polarization="1" fec_inner="3" system="1" modulation="2" onid="318" tsid="5000"/>
		<transponder frequency="11747000" symbol_rate="27500000" polarization="0" fec_inner="3" system="1" modulation="2" onid="318" tsid="5103"/>
		<transponder frequency="11766000" symbol_rate="29900000" polarization="1" fec_inner="3" system="1" modulation="2" onid="318" tsid="5200"/>
		<transponder frequency="11785000" symbol_rate="27500000" polarization="0" fec_inner="3" system="1" modulation="2" onid="318" tsid="5300"/>
		<transponder frequency="11804000" symbol_rate="30000000" polarization="1" fec_inner="4" system="1" modulation="2" onid="318" tsid="5400"/>
		<transponder frequency="11823000" symbol_rate="27500000" polarization="0" fec_inner="3" system="1" modulation="2" onid="318" tsid="5500"/>
		<transponder frequency="11843000" symbol_rate="29900000" polarization="1" fec_inner="3" system="1" modulation="2" onid="64511" tsid="5600"/>
		<transponder frequency="11862000" symbol_rate="29900000" polarization="0" fec_inner="4" system="1" modulation="1" onid="64511" tsid="5700"/>
		<transponder frequency="11881000" symbol_rate="27500000" polarization="1" fec_inner="3" system="0" modulation="1" onid="64511" tsid="5800"/>
		<transponder frequency="11919000" symbol_rate="29900000" polarization="1" fec_inner="2" system="1" modulation="1" onid="190" tsid="6000"/>
		<transponder frequency="11938000" symbol_rate="30000000" polarization="0" fec_inner="4" system="1" modulation="2" onid="318" tsid="6100"/>
		<transponder frequency="11958000" symbol_rate="27500000" polarization="1" fec_inner="3" system="0" modulation="1" onid="64511" tsid="6200"/>
		<transponder frequency="11977000" symbol_rate="29900000" polarization="0" fec_inner="3" system="1" modulation="2" onid="64511" tsid="6300"/>
		<transponder frequency="11996000" symbol_rate="29900000" polarization="1" fec_inner="4" system="1" modulation="1" onid="64511" tsid="6400"/>
		<transponder frequency="12015000" symbol_rate="27500000" polarization="0" fec_inner="3" system="1" modulation="2" onid="318" tsid="6500"/>
		<transponder frequency="12034000" symbol_rate="29900000" polarization="1" fec_inner="3" system="1" modulation="2" onid="64511" tsid="6600"/>
		<transponder frequency="12054000" symbol_rate="29900000" polarization="0" fec_inner="4" system="1" modulation="1" onid="64511" tsid="6700"/>
		<transponder frequency="12073000" symbol_rate="29900000" polarization="1" fec_inner="3" system="1" modulation="2" onid="64511" tsid="6800"/>
		<transponder frequency="12111000" symbol_rate="27500000" polarization="1" fec_inner="3" system="0" modulation="1" onid="318" tsid="7000"/>
		<transponder frequency="12130000" symbol_rate="30000000" polarization="0" fec_inner="4" system="1" modulation="2" onid="318" tsid="7100"/>
		<transponder frequency="12149000" symbol_rate="27500000" polarization="1" fec_inner="3" system="0" modulation="1" onid="318" tsid="7200"/>
		<transponder frequency="12169000" symbol_rate="30000000" polarization="0" fec_inner="4" system="1" modulation="2" onid="318" tsid="7300"/>
		<transponder frequency="12188000" symbol_rate="27500000" polarization="1" fec_inner="3" system="1" modulation="2" onid="113" tsid="7400"/>
		<transponder frequency="12207000" symbol_rate="29900000" polarization="0" fec_inner="4" system="1" modulation="1" onid="318" tsid="7500"/>
		<transponder frequency="12226000" symbol_rate="27500000" polarization="1" fec_inner="3" system="0" modulation="1" onid="318" tsid="7600"/>
		<transponder frequency="12265000" symbol_rate="27500000" polarization="1" fec_inner="3" system="1" modulation="2" onid="113" tsid="7800"/>
		<transponder frequency="12284000" symbol_rate="27500000" polarization="0" fec_inner="3" system="1" modulation="2" onid="113" tsid="7900"/>
		<transponder frequency="12303000" symbol_rate="27500000" polarization="1" fec_inner="3" system="1" modulation="2" onid="318" tsid="8000"/>
		<transponder frequency="12322000" symbol_rate="27500000" polarization="0" fec_inner="3" system="0" modulation="1" onid="318" tsid="8100"/>
		<transponder frequency="12341000" symbol_rate="29900000" polarization="1" fec_inner="4" system="1" modulation="1" onid="64511" tsid="8200"/>
		<transponder frequency="12360000" symbol_rate="27500000" polarization="0" fec_inner="3" system="1" modulation="2" onid="318" tsid="8300"/>
		<transponder frequency="12380000" symbol_rate="30000000" polarization="1" fec_inner="4" system="1" modulation="2" onid="318" tsid="8400"/>
		<transponder frequency="12399000" symbol_rate="29700000" polarization="0" fec_inner="2" system="1" modulation="2" onid="318" tsid="8500"/>
		<transponder frequency="12418000" symbol_rate="29900000" polarization="1" fec_inner="3" system="1" modulation="2" onid="64511" tsid="8600"/>
		<transponder frequency="12466000" symbol_rate="29900000" polarization="1" fec_inner="3" system="1" modulation="2" onid="64511" tsid="8800"/>
		<transponder frequency="12476000" symbol_rate="29900000" polarization="0" fec_inner="3" system="1" modulation="2" onid="318" tsid="8900"/>
		<transponder frequency="12520000" symbol_rate="27500000" polarization="1" fec_inner="2" system="1" modulation="2" onid="318" tsid="9000"/>
		<transponder frequency="12558000" symbol_rate="27500000" polarization="1" fec_inner="4" system="1" modulation="2" onid="318" tsid="9200"/>
		<transponder frequency="12577000" symbol_rate="27500000" polarization="0" fec_inner="3" system="1" modulation="2" onid="318" tsid="9300"/>
		<transponder frequency="12583000" symbol_rate="9600000" polarization="1" fec_inner="3" system="1" modulation="2" onid="1" tsid="1"/>
		<transponder frequency="12584000" symbol_rate="9800000" polarization="1" fec_inner="3" system="1" modulation="2" onid="65535" tsid="1"/>
		<transponder frequency="12591000" symbol_rate="7200000" polarization="1" fec_inner="3" system="1" modulation="2" onid="65535" tsid="1"/>
		<transponder frequency="12596000" symbol_rate="9800000" polarization="1" fec_inner="3" system="1" modulation="2" onid="65535" tsid="1"/>
		<transponder frequency="12608000" symbol_rate="9800000" polarization="1" fec_inner="3" system="1" modulation="2" onid="65535" tsid="1"/>
		<transponder frequency="12616000" symbol_rate="30000000" polarization="0" fec_inner="4" system="1" modulation="2" onid="213" tsid="9500"/>
		<transponder frequency="12635000" symbol_rate="30000000" polarization="1" fec_inner="4" system="1" modulation="2" onid="213" tsid="9600"/>
		<transponder frequency="12654000" symbol_rate="30000000" polarization="0" fec_inner="4" system="1" modulation="2" onid="213" tsid="9700"/>
		<transponder frequency="12673000" symbol_rate="30000000" polarization="1" fec_inner="4" system="1" modulation="2" onid="213" tsid="9800"/>
		<transponder frequency="12692000" symbol_rate="27500000" polarization="0" fec_inner="3" system="1" modulation="2" onid="319" tsid="9900"/>
		<transponder frequency="12713000" symbol_rate="30000000" polarization="1" fec_inner="4" system="1" modulation="2" onid="213" tsid="10000"/>
		<transponder frequency="12731000" symbol_rate="30000000" polarization="0" fec_inner="4" system="1" modulation="2" onid="318" tsid="10100"/>
	</sat>
	<sat name="Astra 1 KR/M/N/P (19.2E)" flags="1" position="192">
		<transponder frequency="10758000" symbol_rate="22000000" polarization="1" fec_inner="2" system="1" modulation="2" onid="1" tsid="1052"/>
		<transponder frequency="10773000" symbol_rate="22000000" polarization="0" fec_inner="3" system="1" modulation="2" onid="1" tsid="1053"/>
		<transponder frequency="10788000" symbol_rate="22000000" polarization="1" fec_inner="4" system="0" modulation="1" onid="1" tsid="1054"/>
		<transponder frequency="10802000" symbol_rate="22000000" polarization="0" fec_inner="3" system="1" modulation="2" onid="1" tsid="1055"/>
		<transponder frequency="10817000" symbol_rate="22000000" polarization="1" fec_inner="2" system="1" modulation="2" onid="1" tsid="1056"/>
		<transponder frequency="10832000" symbol_rate="22000000" polarization="0" fec_inner="2" system="1" modulation="2" onid="1" tsid="1057"/>
		<transponder frequency="10847000" symbol_rate="22000000" polarization="1" fec_inner="4" system="0" modulation="1" onid="1" tsid="1058"/>
		<transponder frequency="10876000" symbol_rate="22000000" polarization="1" fec_inner="4" system="0" modulation="1" onid="1" tsid="1060"/>
		<transponder frequency="10891000" symbol_rate="22000000" polarization="0" fec_inner="2" system="1" modulation="2" onid="1" tsid="1061"/>
		<transponder frequency="10906000" symbol_rate="22000000" polarization="1" fec_inner="2" system="1" modulation="2" onid="1" tsid="1062"/>
		<transponder frequency="10921000" symbol_rate="22000000" polarization="0" fec_inner="5" system="0" modulation="1" onid="133" tsid="15"/>
		<transponder frequency="10936000" symbol_rate="22000000" polarization="1" fec_inner="4" system="0" modulation="1" onid="1" tsid="1064"/>
		<transponder frequency="10964000" symbol_rate="22000000" polarization="0" fec_inner="2" system="1" modulation="2" onid="1" tsid="1033"/>
		<transponder frequency="10979000" symbol_rate="22000000" polarization="1" fec_inner="4" system="0" modulation="1" onid="1" tsid="1034"/>
		<transponder frequency="10993000" symbol_rate="22000000" polarization="0" fec_inner="4" system="1" modulation="2" onid="1" tsid="1035"/>
		<transponder frequency="11009000" symbol_rate="23500000" polarization="1" fec_inner="3" system="1" modulation="2" onid="1" tsid="1036"/>
		<transponder frequency="11038000" symbol_rate="22000000" polarization="1" fec_inner="4" system="0" modulation="1" onid="1" tsid="1038"/>
		<transponder frequency="11052000" symbol_rate="22000000" polarization="0" fec_inner="2" system="1" modulation="2" onid="1" tsid="1039"/>
		<transponder frequency="11067000" symbol_rate="22000000" polarization="1" fec_inner="4" system="0" modulation="1" onid="1" tsid="1040"/>
		<transponder frequency="11082000" symbol_rate="22000000" polarization="0" fec_inner="3" system="1" modulation="2" onid="1" tsid="1041"/>
		<transponder frequency="11097000" symbol_rate="22000000" polarization="1" fec_inner="4" system="0" modulation="1" onid="1" tsid="1042"/>
		<transponder frequency="11112000" symbol_rate="22000000" polarization="0" fec_inner="2" system="1" modulation="2" onid="1" tsid="1043"/>
		<transponder frequency="11127000" symbol_rate="22000000" polarization="1" fec_inner="4" system="0" modulation="1" onid="1" tsid="1044"/>
		<transponder frequency="11156000" symbol_rate="22000000" polarization="1" fec_inner="4" system="0" modulation="1" onid="1" tsid="1046"/>
		<transponder frequency="11186000" symbol_rate="22000000" polarization="1" fec_inner="2" system="1" modulation="2" onid="1" tsid="1048"/>
		<transponder frequency="11208000" symbol_rate="7200000" polarization="0" fec_inner="3" system="1" modulation="2" onid="65535" tsid="1"/>
		<transponder frequency="11221000" symbol_rate="7200000" polarization="0" fec_inner="3" system="1" modulation="2" onid="65535" tsid="1"/>
		<transponder frequency="11229000" symbol_rate="22000000" polarization="1" fec_inner="2" system="1" modulation="2" onid="1" tsid="1002"/>
		<transponder frequency="11244000" symbol_rate="22000000" polarization="0" fec_inner="4" system="0" modulation="1" onid="1" tsid="1003"/>
		<transponder frequency="11259000" symbol_rate="22000000" polarization="1" fec_inner="2" system="1" modulation="2" onid="1" tsid="1004"/>
		<transponder frequency="11273000" symbol_rate="22000000" polarization="0" fec_inner="2" system="1" modulation="2" onid="1" tsid="1005"/>
		<transponder frequency="11288000" symbol_rate="22000000" polarization="1" fec_inner="2" system="1" modulation="2" onid="1" tsid="1006"/>
		<transponder frequency="11303000" symbol_rate="22000000" polarization="0" fec_inner="2" system="1" modulation="2" onid="1" tsid="1007"/>
		<transponder frequency="11318000" symbol_rate="22000000" polarization="1" fec_inner="4" system="0" modulation="1" onid="1" tsid="1008"/>
		<transponder frequency="11324000" symbol_rate="7200000" polarization="0" fec_inner="3" system="1" modulation="2" onid="0" tsid="0"/>
		<transponder frequency="11327000" symbol_rate="9875000" polarization="0" fec_inner="3" system="1" modulation="2" onid="1" tsid="1"/>
		<transponder frequency="11347000" symbol_rate="22000000" polarization="1" fec_inner="2" system="1" modulation="2" onid="1" tsid="1010"/>
		<transponder frequency="11362000" symbol_rate="22000000" polarization="0" fec_inner="2" system="1" modulation="2" onid="1" tsid="1011"/>
		<transponder frequency="11377000" symbol_rate="22000000" polarization="1" fec_inner="2" system="1" modulation="2" onid="3" tsid="1012"/>
		<transponder frequency="11391000" symbol_rate="22000000" polarization="0" fec_inner="4" system="0" modulation="1" onid="1" tsid="1013"/>
		<transponder frequency="11400000" symbol_rate="9874000" polarization="1" fec_inner="3" system="1" modulation="2" onid="65535" tsid="1"/>
		<transponder frequency="11406000" symbol_rate="23500000" polarization="1" fec_inner="3" system="1" modulation="2" onid="1" tsid="1014"/>
		<transponder frequency="11420000" symbol_rate="22000000" polarization="0" fec_inner="4" system="0" modulation="1" onid="1" tsid="1015"/>
		<transponder frequency="11429000" symbol_rate="9875000" polarization="1" fec_inner="3" system="1" modulation="2" onid="65280" tsid="0"/>
		<transponder frequency="11442000" symbol_rate="9875000" polarization="1" fec_inner="3" system="1" modulation="2" onid="0" tsid="17185"/>
		<transponder frequency="11464000" symbol_rate="22000000" polarization="0" fec_inner="2" system="1" modulation="2" onid="1" tsid="1017"/>
		<transponder frequency="11494000" symbol_rate="22000000" polarization="0" fec_inner="2" system="1" modulation="2" onid="1" tsid="1019"/>
		<transponder frequency="11509000" symbol_rate="22000000" polarization="1" fec_inner="4" system="0" modulation="1" onid="1" tsid="1020"/>
		<transponder frequency="11523000" symbol_rate="22000000" polarization="0" fec_inner="2" system="1" modulation="2" onid="1" tsid="1021"/>
		<transponder frequency="11538000" symbol_rate="22000000" polarization="1" fec_inner="4" system="0" modulation="1" onid="1" tsid="1022"/>
		<transponder frequency="11553000" symbol_rate="22000000" polarization="0" fec_inner="2" system="1" modulation="2" onid="1" tsid="1023"/>
		<transponder frequency="11572000" symbol_rate="9874000" polarization="1" fec_inner="3" system="1" modulation="2" onid="65535" tsid="1"/>
		<transponder frequency="11582000" symbol_rate="22000000" polarization="0" fec_inner="2" system="1" modulation="2" onid="1" tsid="1025"/>
		<transponder frequency="11589000" symbol_rate="7200000" polarization="1" fec_inner="3" system="1" modulation="2" onid="0" tsid="0"/>
		<transponder frequency="11598000" symbol_rate="4800000" polarization="1" fec_inner="3" system="1" modulation="2" onid="235" tsid="0"/>
		<transponder frequency="11600000" symbol_rate="4800000" polarization="1" fec_inner="3" system="1" modulation="2" onid="235" tsid="32"/>
		<transponder frequency="11604000" symbol_rate="2200000" polarization="1" fec_inner="3" system="0" modulation="1" onid="0" tsid="0"/>
		<transponder frequency="11605000" symbol_rate="7200000" polarization="0" fec_inner="3" system="1" modulation="2" onid="0" tsid="0"/>
		<transponder frequency="11618000" symbol_rate="7200000" polarization="0" fec_inner="3" system="1" modulation="2" onid="1" tsid="1"/>
		<transponder frequency="11619000" symbol_rate="7200000" polarization="1" fec_inner="3" system="1" modulation="2" onid="65535" tsid="1"/>
		<transponder frequency="11632000" symbol_rate="7200000" polarization="1" fec_inner="3" system="1" modulation="2" onid="0" tsid="160"/>
		<transponder frequency="11648000" symbol_rate="7200000" polarization="1" fec_inner="3" system="1" modulation="2" onid="65535" tsid="1"/>
		<transponder frequency="11656000" symbol_rate="7200000" polarization="1" fec_inner="3" system="1" modulation="2" onid="65535" tsid="1"/>
		<transponder frequency="11671000" symbol_rate="22000000" polarization="0" fec_inner="2" system="1" modulation="2" onid="1" tsid="1031"/>
		<transponder frequency="11694000" symbol_rate="940000" polarization="1" fec_inner="1" system="0" modulation="1" onid="1" tsid="1"/>
		<transponder frequency="11697000" symbol_rate="2915000" polarization="1" fec_inner="3" system="1" modulation="2" onid="1" tsid="100"/>
		<transponder frequency="11739000" symbol_rate="27500000" polarization="1" fec_inner="3" system="0" modulation="1" onid="1" tsid="1066"/>
		<transponder frequency="11758000" symbol_rate="27500000" polarization="0" fec_inner="9" system="1" modulation="1" onid="133" tsid="2"/>
		<transponder frequency="11778000" symbol_rate="29500000" polarization="1" fec_inner="9" system="1" modulation="1" onid="1" tsid="1068"/>
		<transponder frequency="11798000" symbol_rate="27500000" polarization="0" fec_inner="9" system="1" modulation="1" onid="133" tsid="16"/>
		<transponder frequency="11817000" symbol_rate="31428000" polarization="1" fec_inner="8" system="1" modulation="2" onid="1" tsid="0"/>
		<transponder frequency="11836000" symbol_rate="27500000" polarization="0" fec_inner="3" system="0" modulation="1" onid="1" tsid="1101"/>
		<transponder frequency="11856000" symbol_rate="29700000" polarization="1" fec_inner="2" system="1" modulation="2" onid="1" tsid="1072"/>
		<transponder frequency="11895000" symbol_rate="29700000" polarization="1" fec_inner="2" system="1" modulation="2" onid="1" tsid="1074"/>
		<transponder frequency="11914000" symbol_rate="27500000" polarization="0" fec_inner="9" system="1" modulation="1" onid="133" tsid="6"/>
		<transponder frequency="11934000" symbol_rate="29700000" polarization="1" fec_inner="2" system="1" modulation="2" onid="1" tsid="1076"/>
		<transponder frequency="11954000" symbol_rate="27500000" polarization="0" fec_inner="3" system="0" modulation="1" onid="1" tsid="1079"/>
		<transponder frequency="11973000" symbol_rate="27500000" polarization="1" fec_inner="3" system="0" modulation="1" onid="1" tsid="1078"/>
		<transponder frequency="11992000" symbol_rate="27500000" polarization="0" fec_inner="9" system="1" modulation="1" onid="133" tsid="13"/>
		<transponder frequency="12012000" symbol_rate="29700000" polarization="1" fec_inner="2" system="1" modulation="2" onid="1" tsid="1080"/>
		<transponder frequency="12032000" symbol_rate="27500000" polarization="0" fec_inner="9" system="1" modulation="1" onid="133" tsid="4"/>
		<transponder frequency="12051000" symbol_rate="27500000" polarization="1" fec_inner="3" system="0" modulation="1" onid="1" tsid="1082"/>
		<transponder frequency="12090000" symbol_rate="29700000" polarization="1" fec_inner="2" system="1" modulation="2" onid="1" tsid="1084"/>
		<transponder frequency="12110000" symbol_rate="27500000" polarization="0" fec_inner="3" system="0" modulation="1" onid="1" tsid="1073"/>
		<transponder frequency="12148000" symbol_rate="27500000" polarization="0" fec_inner="3" system="0" modulation="1" onid="133" tsid="7"/>
		<transponder frequency="12168000" symbol_rate="29700000" polarization="1" fec_inner="2" system="1" modulation="2" onid="1" tsid="1088"/>
		<transponder frequency="12188000" symbol_rate="27500000" polarization="0" fec_inner="3" system="0" modulation="1" onid="1" tsid="1089"/>
		<transponder frequency="12207000" symbol_rate="29700000" polarization="1" fec_inner="2" system="1" modulation="2" onid="1" tsid="1090"/>
		<transponder frequency="12226000" symbol_rate="27500000" polarization="0" fec_inner="3" system="0" modulation="1" onid="1" tsid="1091"/>
		<transponder frequency="12246000" symbol_rate="30940000" polarization="1" fec_inner="6" system="1" modulation="2" onid="65535" tsid="0"/>
		<transponder frequency="12285000" symbol_rate="29700000" polarization="1" fec_inner="2" system="1" modulation="2" onid="1" tsid="1094"/>
		<transponder frequency="12304000" symbol_rate="27500000" polarization="0" fec_inner="9" system="1" modulation="1" onid="133" tsid="12"/>
		<transponder frequency="12324000" symbol_rate="29700000" polarization="1" fec_inner="2" system="1" modulation="2" onid="1" tsid="1096"/>
		<transponder frequency="12344000" symbol_rate="27500000" polarization="0" fec_inner="9" system="1" modulation="1" onid="1" tsid="1097"/>
		<transponder frequency="12363000" symbol_rate="27500000" polarization="1" fec_inner="3" system="0" modulation="1" onid="1" tsid="1098"/>
		<transponder frequency="12382000" symbol_rate="27500000" polarization="0" fec_inner="3" system="1" modulation="1" onid="133" tsid="11"/>
		<transponder frequency="12402000" symbol_rate="29700000" polarization="1" fec_inner="2" system="1" modulation="2" onid="1" tsid="1100"/>
		<transponder frequency="12422000" symbol_rate="27500000" polarization="0" fec_inner="3" system="0" modulation="1" onid="1" tsid="1201"/>
		<transponder frequency="12460000" symbol_rate="27500000" polarization="0" fec_inner="3" system="0" modulation="1" onid="133" tsid="5"/>
		<transponder frequency="12480000" symbol_rate="27500000" polarization="1" fec_inner="3" system="0" modulation="1" onid="133" tsid="33"/>
		<transponder frequency="12515000" symbol_rate="22000000" polarization="0" fec_inner="4" system="0" modulation="1" onid="53" tsid="1105"/>
		<transponder frequency="12545000" symbol_rate="22000000" polarization="0" fec_inner="4" system="0" modulation="1" onid="1" tsid="1107"/>
		<transponder frequency="12552000" symbol_rate="22000000" polarization="1" fec_inner="4" system="0" modulation="1" onid="1" tsid="1108"/>
		<transponder frequency="12574000" symbol_rate="22000000" polarization="0" fec_inner="2" system="1" modulation="2" onid="1" tsid="1109"/>
		<transponder frequency="12604000" symbol_rate="22000000" polarization="0" fec_inner="4" system="0" modulation="1" onid="1" tsid="1111"/>
		<transponder frequency="12610000" symbol_rate="22000000" polarization="1" fec_inner="3" system="1" modulation="2" onid="1" tsid="1112"/>
		<transponder frequency="12633000" symbol_rate="22000000" polarization="0" fec_inner="4" system="0" modulation="1" onid="1" tsid="1113"/>
		<transponder frequency="12640000" symbol_rate="23500000" polarization="1" fec_inner="3" system="1" modulation="2" onid="1" tsid="1114"/>
		<transponder frequency="12663000" symbol_rate="22000000" polarization="0" fec_inner="4" system="0" modulation="1" onid="1" tsid="1115"/>
		<transponder frequency="12669000" symbol_rate="23500000" polarization="1" fec_inner="3" system="1" modulation="2" onid="1" tsid="1116"/>
		<transponder frequency="12728000" symbol_rate="23500000" polarization="1" fec_inner="2" system="1" modulation="2" onid="1" tsid="1120"/>
	</sat>
	<sat name="Astra 2 E/F/G (28.2E)" flags="1" position="282">
		<transponder frequency="10773000" symbol_rate="23000000" polarization="0" fec_inner="3" system="1" modulation="2" onid="2" tsid="2045"/>
		<transponder frequency="10788000" symbol_rate="23000000" polarization="1" fec_inner="3" system="1" modulation="2" onid="2" tsid="2046"/>
		<transponder frequency="10818000" symbol_rate="23000000" polarization="1" fec_inner="3" system="1" modulation="2" onid="2" tsid="2048"/>
		<transponder frequency="10847000" symbol_rate="23000000" polarization="1" fec_inner="3" system="1" modulation="2" onid="2" tsid="2050"/>
		<transponder frequency="10936000" symbol_rate="23000000" polarization="1" fec_inner="3" system="1" modulation="2" onid="2" tsid="2056"/>
		<transponder frequency="11024000" symbol_rate="23000000" polarization="0" fec_inner="3" system="1" modulation="2" onid="2" tsid="2061"/>
		<transponder frequency="11038000" symbol_rate="23000000" polarization="1" fec_inner="2" system="1" modulation="2" onid="2" tsid="2062"/>
		<transponder frequency="11082000" symbol_rate="23000000" polarization="0" fec_inner="2" system="1" modulation="2" onid="2" tsid="2065"/>
		<transponder frequency="11112000" symbol_rate="23000000" polarization="0" fec_inner="2" system="1" modulation="2" onid="2" tsid="2067"/>
		<transponder frequency="11141000" symbol_rate="23000000" polarization="0" fec_inner="2" system="1" modulation="2" onid="2" tsid="2069"/>
		<transponder frequency="11225000" symbol_rate="27500000" polarization="0" fec_inner="2" system="0" modulation="1" onid="2" tsid="2105"/>
		<transponder frequency="11225000" symbol_rate="23000000" polarization="1" fec_inner="2" system="1" modulation="2" onid="2" tsid="2106"/>
		<transponder frequency="11264000" symbol_rate="27500000" polarization="0" fec_inner="2" system="0" modulation="1" onid="2" tsid="2107"/>
		<transponder frequency="11265000" symbol_rate="27500000" polarization="1" fec_inner="2" system="0" modulation="1" onid="2" tsid="2108"/>
		<transponder frequency="11306000" symbol_rate="27500000" polarization="0" fec_inner="2" system="0" modulation="1" onid="2" tsid="2109"/>
		<transponder frequency="11307000" symbol_rate="27500000" polarization="1" fec_inner="4" system="0" modulation="1" onid="2" tsid="2110"/>
		<transponder frequency="11344000" symbol_rate="27500000" polarization="0" fec_inner="2" system="1" modulation="2" onid="2" tsid="2111"/>
		<transponder frequency="11344000" symbol_rate="27500000" polarization="1" fec_inner="2" system="1" modulation="2" onid="2" tsid="2112"/>
		<transponder frequency="11386000" symbol_rate="27500000" polarization="0" fec_inner="2" system="1" modulation="2" onid="2" tsid="2113"/>
		<transponder frequency="11386000" symbol_rate="27500000" polarization="1" fec_inner="2" system="1" modulation="2" onid="2" tsid="2114"/>
		<transponder frequency="11426000" symbol_rate="27500000" polarization="0" fec_inner="2" system="0" modulation="1" onid="59" tsid="2315"/>
		<transponder frequency="11426000" symbol_rate="29500000" polarization="1" fec_inner="6" system="1" modulation="1" onid="2" tsid="2116"/>
		<transponder frequency="11494000" symbol_rate="22000000" polarization="0" fec_inner="4" system="0" modulation="1" onid="2" tsid="2091"/>
		<transponder frequency="11509000" symbol_rate="23000000" polarization="1" fec_inner="2" system="1" modulation="2" onid="2" tsid="2092"/>
		<transponder frequency="11523000" symbol_rate="23000000" polarization="0" fec_inner="2" system="1" modulation="2" onid="2" tsid="2093"/>
		<transponder frequency="11553000" symbol_rate="23000000" polarization="0" fec_inner="2" system="1" modulation="2" onid="2" tsid="2095"/>
		<transponder frequency="11567000" symbol_rate="22000000" polarization="1" fec_inner="4" system="0" modulation="1" onid="2" tsid="2096"/>
		<transponder frequency="11582000" symbol_rate="23000000" polarization="0" fec_inner="2" system="1" modulation="2" onid="2" tsid="2097"/>
		<transponder frequency="11597000" symbol_rate="23000000" polarization="1" fec_inner="2" system="1" modulation="2" onid="2" tsid="2098"/>
		<transponder frequency="11626000" symbol_rate="23000000" polarization="1" fec_inner="2" system="1" modulation="2" onid="2" tsid="2100"/>
		<transponder frequency="11641000" symbol_rate="23000000" polarization="0" fec_inner="2" system="1" modulation="2" onid="2" tsid="2101"/>
		<transponder frequency="11656000" symbol_rate="22000000" polarization="1" fec_inner="4" system="0" modulation="1" onid="2" tsid="2102"/>
		<transponder frequency="11671000" symbol_rate="23000000" polarization="0" fec_inner="2" system="1" modulation="2" onid="2" tsid="2103"/>
		<transponder frequency="11685000" symbol_rate="23000000" polarization="1" fec_inner="2" system="1" modulation="2" onid="2" tsid="2104"/>
		<transponder frequency="11758000" symbol_rate="27500000" polarization="0" fec_inner="2" system="1" modulation="2" onid="2" tsid="2003"/>
		<transponder frequency="11778000" symbol_rate="27500000" polarization="1" fec_inner="2" system="0" modulation="1" onid="2" tsid="2004"/>
		<transponder frequency="11856000" symbol_rate="27500000" polarization="1" fec_inner="2" system="1" modulation="2" onid="2" tsid="2008"/>
		<transponder frequency="11934000" symbol_rate="27500000" polarization="1" fec_inner="4" system="0" modulation="1" onid="2" tsid="2012"/>
		<transponder frequency="12012000" symbol_rate="27500000" polarization="1" fec_inner="2" system="1" modulation="2" onid="2" tsid="2016"/>
		<transponder frequency="12090000" symbol_rate="29500000" polarization="1" fec_inner="6" system="1" modulation="1" onid="2" tsid="2020"/>
		<transponder frequency="12110000" symbol_rate="27500000" polarization="0" fec_inner="2" system="1" modulation="2" onid="2" tsid="2021"/>
		<transponder frequency="12129000" symbol_rate="27500000" polarization="1" fec_inner="4" system="0" modulation="1" onid="2" tsid="2022"/>
		<transponder frequency="12148000" symbol_rate="27500000" polarization="0" fec_inner="2" system="1" modulation="2" onid="2" tsid="2023"/>
		<transponder frequency="12168000" symbol_rate="27500000" polarization="1" fec_inner="2" system="1" modulation="2" onid="2" tsid="2024"/>
		<transponder frequency="12188000" symbol_rate="27500000" polarization="0" fec_inner="2" system="1" modulation="2" onid="2" tsid="2025"/>
		<transponder frequency="12207000" symbol_rate="27500000" polarization="1" fec_inner="2" system="1" modulation="2" onid="2" tsid="2026"/>
		<transponder frequency="12226000" symbol_rate="27500000" polarization="0" fec_inner="2" system="1" modulation="2" onid="2" tsid="2027"/>
		<transponder frequency="12246000" symbol_rate="27500000" polarization="1" fec_inner="2" system="1" modulation="2" onid="2" tsid="2028"/>
		<transponder frequency="12266000" symbol_rate="27500000" polarization="0" fec_inner="2" system="1" modulation="2" onid="2" tsid="2029"/>
		<transponder frequency="12285000" symbol_rate="27500000" polarization="1" fec_inner="2" system="1" modulation="2" onid="2" tsid="2030"/>
		<transponder frequency="12324000" symbol_rate="27500000" polarization="1" fec_inner="2" system="1" modulation="2" onid="2" tsid="2032"/>
		<transponder frequency="12363000" symbol_rate="27500000" polarization="1" fec_inner="2" system="1" modulation="2" onid="2" tsid="2034"/>
		<transponder frequency="12382000" symbol_rate="29500000" polarization="0" fec_inner="2" system="1" modulation="2" onid="2" tsid="2035"/>
		<transponder frequency="12509000" symbol_rate="9860000" polarization="0" fec_inner="3" system="1" modulation="2" onid="1" tsid="0"/>
		<transponder frequency="12512000" symbol_rate="7200000" polarization="0" fec_inner="3" system="1" modulation="2" onid="65535" tsid="1"/>
		<transponder frequency="12515000" symbol_rate="15000000" polarization="0" fec_inner="3" system="1" modulation="2" onid="0" tsid="0"/>
		<transponder frequency="12519000" symbol_rate="14250000" polarization="1" fec_inner="3" system="1" modulation="2" onid="65535" tsid="1"/>
		<transponder frequency="12521000" symbol_rate="7200000" polarization="0" fec_inner="3" system="1" modulation="2" onid="0" tsid="0"/>
		<transponder frequency="12524000" symbol_rate="7500000" polarization="0" fec_inner="3" system="1" modulation="2" onid="1" tsid="1"/>
		<transponder frequency="12535000" symbol_rate="7200000" polarization="0" fec_inner="4" system="1" modulation="2" onid="1" tsid="1"/>
		<transponder frequency="12542000" symbol_rate="15000000" polarization="0" fec_inner="3" system="1" modulation="2" onid="1" tsid="1"/>
		<transponder frequency="12543000" symbol_rate="7230000" polarization="1" fec_inner="4" system="1" modulation="2" onid="0" tsid="0"/>
		<transponder frequency="12547000" symbol_rate="7200000" polarization="0" fec_inner="7" system="1" modulation="2" onid="1" tsid="1"/>
		<transponder frequency="12550000" symbol_rate="9862000" polarization="0" fec_inner="3" system="1" modulation="2" onid="235" tsid="17185"/>
		<transponder frequency="12553000" symbol_rate="7200000" polarization="1" fec_inner="3" system="1" modulation="2" onid="1" tsid="0"/>
		<transponder frequency="12573000" symbol_rate="7200000" polarization="1" fec_inner="4" system="1" modulation="2" onid="111" tsid="112"/>
		<transponder frequency="12582000" symbol_rate="7200000" polarization="1" fec_inner="3" system="1" modulation="2" onid="1" tsid="1"/>
		<transponder frequency="12588000" symbol_rate="9600000" polarization="1" fec_inner="3" system="1" modulation="2" onid="0" tsid="0"/>
		<transponder frequency="12596000" symbol_rate="7200000" polarization="0" fec_inner="3" system="1" modulation="2" onid="65535" tsid="1"/>
		<transponder frequency="12607000" symbol_rate="7230000" polarization="1" fec_inner="4" system="1" modulation="2" onid="109" tsid="0"/>
		<transponder frequency="12613000" symbol_rate="7500000" polarization="0" fec_inner="4" system="1" modulation="2" onid="65535" tsid="1"/>
		<transponder frequency="12625000" symbol_rate="7200000" polarization="0" fec_inner="3" system="1" modulation="2" onid="0" tsid="0"/>
		<transponder frequency="12630000" symbol_rate="7200000" polarization="1" fec_inner="3" system="1" modulation="2" onid="0" tsid="0"/>
		<transponder frequency="12631000" symbol_rate="15000000" polarization="0" fec_inner="4" system="1" modulation="2" onid="65535" tsid="1"/>
		<transponder frequency="12633000" symbol_rate="7200000" polarization="1" fec_inner="3" system="1" modulation="2" onid="65535" tsid="1"/>
		<transponder frequency="12648000" symbol_rate="5000000" polarization="1" fec_inner="4" system="1" modulation="2" onid="0" tsid="0"/>
		<transponder frequency="12656000" symbol_rate="7200000" polarization="0" fec_inner="3" system="1" modulation="2" onid="235" tsid="17185"/>
		<transponder frequency="12695000" symbol_rate="7500000" polarization="1" fec_inner="2" system="1" modulation="2" onid="65535" tsid="1"/>
		<transponder frequency="12716000" symbol_rate="7500000" polarization="0" fec_inner="3" system="1" modulation="2" onid="0" tsid="0"/>
	</sat>
</satellites>
