<?xml version="1.0" encoding="iso-8859-1"?>
<!-- File generated by Morpheus883's xml generator -->
<satellites>
	<sat name="Intelsat 10-02 Thor 5/6/7 (0.8W)" flags="1" position="-8">
		<transponder frequency="10716000" symbol_rate="25000000" polarization="0" fec_inner="3" system="1" modulation="2" onid="70" tsid="71"/>
		<transponder frequency="10747000" symbol_rate="25000000" polarization="0" fec_inner="3" system="1" modulation="2" onid="70" tsid="68"/>
		<transponder frequency="10747000" symbol_rate="25000000" polarization="1" fec_inner="3" system="1" modulation="2" onid="70" tsid="70"/>
		<transponder frequency="10778000" symbol_rate="25000000" polarization="0" fec_inner="3" system="1" modulation="2" onid="70" tsid="66"/>
		<transponder frequency="10778000" symbol_rate="25000000" polarization="1" fec_inner="3" system="1" modulation="2" onid="70" tsid="67"/>
		<transponder frequency="10809000" symbol_rate="25000000" polarization="0" fec_inner="3" system="1" modulation="2" onid="70" tsid="65"/>
		<transponder frequency="10809000" symbol_rate="25000000" polarization="1" fec_inner="3" system="1" modulation="2" onid="70" tsid="62"/>
		<transponder frequency="10841000" symbol_rate="25000000" polarization="0" fec_inner="3" system="1" modulation="2" onid="70" tsid="63"/>
		<transponder frequency="10872000" symbol_rate="25000000" polarization="0" fec_inner="3" system="1" modulation="2" onid="70" tsid="72"/>
		<transponder frequency="10872000" symbol_rate="25000000" polarization="1" fec_inner="3" system="1" modulation="2" onid="70" tsid="61"/>
		<transponder frequency="10903000" symbol_rate="25000000" polarization="0" fec_inner="3" system="1" modulation="2" onid="70" tsid="48"/>
		<transponder frequency="10934000" symbol_rate="25000000" polarization="0" fec_inner="3" system="1" modulation="2" onid="70" tsid="14"/>
		<transponder frequency="10934000" symbol_rate="25000000" polarization="1" fec_inner="3" system="1" modulation="2" onid="70" tsid="10"/>
		<transponder frequency="11216000" symbol_rate="25000000" polarization="1" fec_inner="3" system="1" modulation="2" onid="70" tsid="27"/>
		<transponder frequency="11229000" symbol_rate="25000000" polarization="0" fec_inner="3" system="1" modulation="2" onid="70" tsid="4"/>
		<transponder frequency="11247000" symbol_rate="24500000" polarization="1" fec_inner="5" system="0" modulation="1" onid="70" tsid="1"/>
		<transponder frequency="11261000" symbol_rate="25000000" polarization="0" fec_inner="3" system="1" modulation="2" onid="70" tsid="33"/>
		<transponder frequency="11278000" symbol_rate="25000000" polarization="1" fec_inner="3" system="1" modulation="2" onid="70" tsid="3"/>
		<transponder frequency="11293000" symbol_rate="25000000" polarization="0" fec_inner="3" system="1" modulation="2" onid="70" tsid="24"/>
		<transponder frequency="11309000" symbol_rate="25000000" polarization="1" fec_inner="3" system="1" modulation="2" onid="70" tsid="2"/>
		<transponder frequency="11325000" symbol_rate="25000000" polarization="0" fec_inner="3" system="1" modulation="2" onid="70" tsid="25"/>
		<transponder frequency="11341000" symbol_rate="25000000" polarization="1" fec_inner="3" system="1" modulation="2" onid="70" tsid="43"/>
		<transponder frequency="11357000" symbol_rate="24500000" polarization="0" fec_inner="5" system="0" modulation="1" onid="70" tsid="32"/>
		<transponder frequency="11372000" symbol_rate="25000000" polarization="1" fec_inner="3" system="1" modulation="2" onid="70" tsid="35"/>
		<transponder frequency="11389000" symbol_rate="24500000" polarization="0" fec_inner="5" system="0" modulation="1" onid="70" tsid="34"/>
		<transponder frequency="11403000" symbol_rate="25000000" polarization="1" fec_inner="3" system="1" modulation="2" onid="70" tsid="28"/>
		<transponder frequency="11421000" symbol_rate="25000000" polarization="0" fec_inner="3" system="1" modulation="2" onid="70" tsid="44"/>
		<transponder frequency="11460000" symbol_rate="2260000" polarization="1" fec_inner="2" system="1" modulation="1" onid="1" tsid="1"/>
		<transponder frequency="11462000" symbol_rate="3870000" polarization="1" fec_inner="2" system="1" modulation="4" onid="1" tsid="1"/>
		<transponder frequency="11466000" symbol_rate="3870000" polarization="1" fec_inner="2" system="1" modulation="4" onid="1" tsid="1"/>
		<transponder frequency="11474000" symbol_rate="3200000" polarization="1" fec_inner="4" system="1" modulation="2" onid="1" tsid="1"/>
		<transponder frequency="11475000" symbol_rate="3600000" polarization="1" fec_inner="3" system="1" modulation="2" onid="65535" tsid="1"/>
		<transponder frequency="11479000" symbol_rate="7200000" polarization="1" fec_inner="3" system="1" modulation="2" onid="1" tsid="1"/>
		<transponder frequency="11488000" symbol_rate="7200000" polarization="1" fec_inner="3" system="1" modulation="2" onid="65535" tsid="1"/>
		<transponder frequency="11498000" symbol_rate="9600000" polarization="1" fec_inner="3" system="1" modulation="4" onid="65535" tsid="1"/>
		<transponder frequency="11528000" symbol_rate="3200000" polarization="1" fec_inner="4" system="1" modulation="2" onid="1" tsid="1"/>
		<transponder frequency="11534000" symbol_rate="3200000" polarization="1" fec_inner="4" system="1" modulation="2" onid="1" tsid="1"/>
		<transponder frequency="11538000" symbol_rate="3200000" polarization="1" fec_inner="4" system="1" modulation="2" onid="1" tsid="1"/>
		<transponder frequency="11727000" symbol_rate="28000000" polarization="1" fec_inner="5" system="0" modulation="1" onid="1536" tsid="701"/>
		<transponder frequency="11747000" symbol_rate="28000000" polarization="0" fec_inner="4" system="0" modulation="1" onid="4369" tsid="5"/>
		<transponder frequency="11766000" symbol_rate="28000000" polarization="1" fec_inner="5" system="0" modulation="1" onid="1536" tsid="702"/>
		<transponder frequency="11785000" symbol_rate="28000000" polarization="0" fec_inner="5" system="0" modulation="1" onid="1" tsid="5"/>
		<transponder frequency="11804000" symbol_rate="30000000" polarization="1" fec_inner="3" system="1" modulation="2" onid="1536" tsid="703"/>
		<transponder frequency="11823000" symbol_rate="30000000" polarization="0" fec_inner="4" system="1" modulation="2" onid="1" tsid="13"/>
		<transponder frequency="11843000" symbol_rate="30000000" polarization="1" fec_inner="3" system="1" modulation="2" onid="1536" tsid="710"/>
		<transponder frequency="11862000" symbol_rate="28000000" polarization="0" fec_inner="5" system="0" modulation="1" onid="1" tsid="7"/>
		<transponder frequency="11900000" symbol_rate="28000000" polarization="0" fec_inner="4" system="0" modulation="1" onid="1" tsid="12"/>
		<transponder frequency="11919000" symbol_rate="28000000" polarization="1" fec_inner="5" system="0" modulation="1" onid="1536" tsid="711"/>
		<transponder frequency="11938000" symbol_rate="28000000" polarization="0" fec_inner="5" system="0" modulation="1" onid="1536" tsid="707"/>
		<transponder frequency="11958000" symbol_rate="28000000" polarization="1" fec_inner="5" system="0" modulation="1" onid="1536" tsid="712"/>
		<transponder frequency="11977000" symbol_rate="30000000" polarization="0" fec_inner="3" system="1" modulation="2" onid="187" tsid="2802"/>
		<transponder frequency="11996000" symbol_rate="28000000" polarization="1" fec_inner="5" system="0" modulation="1" onid="1536" tsid="704"/>
		<transponder frequency="12015000" symbol_rate="30000000" polarization="0" fec_inner="3" system="1" modulation="2" onid="70" tsid="41"/>
		<transponder frequency="12034000" symbol_rate="30000000" polarization="1" fec_inner="3" system="1" modulation="2" onid="1536" tsid="705"/>
		<transponder frequency="12054000" symbol_rate="30000000" polarization="0" fec_inner="3" system="1" modulation="2" onid="187" tsid="2801"/>
		<transponder frequency="12073000" symbol_rate="28000000" polarization="1" fec_inner="5" system="0" modulation="1" onid="1536" tsid="706"/>
		<transponder frequency="12092000" symbol_rate="28000000" polarization="0" fec_inner="5" system="0" modulation="1" onid="4369" tsid="11"/>
		<transponder frequency="12111000" symbol_rate="30000000" polarization="1" fec_inner="2" system="1" modulation="2" onid="70" tsid="78"/>
		<transponder frequency="12130000" symbol_rate="28000000" polarization="0" fec_inner="5" system="0" modulation="1" onid="1" tsid="3"/>
		<transponder frequency="12149000" symbol_rate="28000000" polarization="1" fec_inner="5" system="0" modulation="1" onid="70" tsid="76"/>
		<transponder frequency="12169000" symbol_rate="30000000" polarization="0" fec_inner="3" system="1" modulation="2" onid="187" tsid="2803"/>
		<transponder frequency="12188000" symbol_rate="28000000" polarization="1" fec_inner="5" system="0" modulation="1" onid="1" tsid="4"/>
		<transponder frequency="12207000" symbol_rate="30000000" polarization="0" fec_inner="3" system="1" modulation="2" onid="1536" tsid="713"/>
		<transponder frequency="12226000" symbol_rate="27500000" polarization="1" fec_inner="4" system="0" modulation="1" onid="704" tsid="27"/>
		<transponder frequency="12245000" symbol_rate="30000000" polarization="0" fec_inner="3" system="1" modulation="2" onid="187" tsid="2804"/>
		<transponder frequency="12265000" symbol_rate="28000000" polarization="1" fec_inner="5" system="0" modulation="1" onid="1536" tsid="709"/>
		<transponder frequency="12284000" symbol_rate="30000000" polarization="0" fec_inner="3" system="1" modulation="2" onid="1536" tsid="714"/>
		<transponder frequency="12303000" symbol_rate="27500000" polarization="1" fec_inner="4" system="1" modulation="2" onid="94" tsid="2"/>
		<transponder frequency="12322000" symbol_rate="30000000" polarization="0" fec_inner="3" system="1" modulation="2" onid="70" tsid="41"/>
		<transponder frequency="12360000" symbol_rate="30000000" polarization="0" fec_inner="3" system="1" modulation="2" onid="70" tsid="84"/>
		<transponder frequency="12380000" symbol_rate="30000000" polarization="1" fec_inner="3" system="1" modulation="2" onid="187" tsid="2806"/>
		<transponder frequency="12418000" symbol_rate="28000000" polarization="1" fec_inner="5" system="0" modulation="1" onid="70" tsid="20"/>
		<transponder frequency="12437000" symbol_rate="30000000" polarization="0" fec_inner="2" system="1" modulation="2" onid="70" tsid="79"/>
		<transponder frequency="12456000" symbol_rate="30000000" polarization="1" fec_inner="3" system="1" modulation="2" onid="187" tsid="2809"/>
		<transponder frequency="12510000" symbol_rate="2600000" polarization="1" fec_inner="4" system="1" modulation="2" onid="0" tsid="160"/>
		<transponder frequency="12518000" symbol_rate="2080000" polarization="1" fec_inner="3" system="1" modulation="2" onid="65535" tsid="1"/>
		<transponder frequency="12519000" symbol_rate="2500000" polarization="1" fec_inner="3" system="1" modulation="2" onid="777" tsid="777"/>
		<transponder frequency="12527000" symbol_rate="28800000" polarization="0" fec_inner="7" system="1" modulation="1" onid="187" tsid="2808"/>
		<transponder frequency="12533000" symbol_rate="4800000" polarization="1" fec_inner="4" system="1" modulation="2" onid="0" tsid="0"/>
		<transponder frequency="12541000" symbol_rate="6651000" polarization="1" fec_inner="3" system="1" modulation="2" onid="101" tsid="101"/>
		<transponder frequency="12542000" symbol_rate="5800000" polarization="1" fec_inner="3" system="1" modulation="2" onid="65535" tsid="1"/>
		<transponder frequency="12563000" symbol_rate="28800000" polarization="0" fec_inner="7" system="1" modulation="0" onid="187" tsid="2807"/>
		<transponder frequency="12563000" symbol_rate="28800000" polarization="1" fec_inner="7" system="1" modulation="1" onid="187" tsid="2810"/>
		<transponder frequency="12607000" symbol_rate="30000000" polarization="0" fec_inner="3" system="1" modulation="2" onid="65025" tsid="10"/>
		<transponder frequency="12607000" symbol_rate="28800000" polarization="1" fec_inner="7" system="1" modulation="1" onid="187" tsid="2811"/>
		<transponder frequency="12643000" symbol_rate="30000000" polarization="0" fec_inner="5" system="0" modulation="1" onid="1" tsid="1"/>
		<transponder frequency="12643000" symbol_rate="28800000" polarization="1" fec_inner="3" system="1" modulation="2" onid="2" tsid="1305"/>
		<transponder frequency="12687000" symbol_rate="27500000" polarization="0" fec_inner="3" system="0" modulation="1" onid="1" tsid="1"/>
		<transponder frequency="12687000" symbol_rate="28800000" polarization="1" fec_inner="7" system="1" modulation="1" onid="10" tsid="12"/>
		<transponder frequency="12723000" symbol_rate="27500000" polarization="0" fec_inner="3" system="0" modulation="1" onid="1" tsid="2"/>
		<transponder frequency="12723000" symbol_rate="26666000" polarization="1" fec_inner="2" system="0" modulation="1" onid="46300" tsid="1790"/>
	</sat>
	<sat name="Hot Bird 13B/13C/13E (13.0E)" flags="1" position="130">
		<transponder frequency="10719000" symbol_rate="27500000" polarization="1" fec_inner="3" system="1" modulation="2" onid="318" tsid="11000"/>
		<transponder frequency="10727000" symbol_rate="30000000" polarization="0" fec_inner="3" system="1" modulation="2" onid="318" tsid="11100"/>
		<transponder frequency="10758000" symbol_rate="27500000" polarization="1" fec_inner="3" system="1" modulation="2" onid="318" tsid="11200"/>
		<transponder frequency="10775000" symbol_rate="29900000" polarization="0" fec_inner="7" system="1" modulation="2" onid="318" tsid="11300"/>
		<transponder frequency="10796000" symbol_rate="27500000" polarization="1" fec_inner="3" system="1" modulation="2" onid="318" tsid="11400"/>
		<transponder frequency="10815000" symbol_rate="27500000" polarization="0" fec_inner="4" system="0" modulation="1" onid="318" tsid="11500"/>
		<transponder frequency="10834000" symbol_rate="27500000" polarization="1" fec_inner="3" system="1" modulation="2" onid="318" tsid="11600"/>
		<transponder frequency="10853000" symbol_rate="29900000" polarization="0" fec_inner="2" system="1" modulation="2" onid="85" tsid="96"/>
		<transponder frequency="10873000" symbol_rate="27500000" polarization="1" fec_inner="3" system="1" modulation="2" onid="176" tsid="11800"/>
		<transponder frequency="10892000" symbol_rate="27500000" polarization="0" fec_inner="3" system="1" modulation="2" onid="318" tsid="11900"/>
		<transponder frequency="10911000" symbol_rate="27500000" polarization="1" fec_inner="3" system="1" modulation="2" onid="318" tsid="12000"/>
		<transponder frequency="10930000" symbol_rate="30000000" polarization="0" fec_inner="2" system="1" modulation="2" onid="318" tsid="12100"/>
		<transponder frequency="10971000" symbol_rate="29700000" polarization="0" fec_inner="2" system="1" modulation="2" onid="318" tsid="12300"/>
		<transponder frequency="10992000" symbol_rate="27500000" polarization="1" fec_inner="2" system="0" modulation="1" onid="318" tsid="12400"/>
		<transponder frequency="11013000" symbol_rate="29900000" polarization="0" fec_inner="3" system="1" modulation="2" onid="318" tsid="12500"/>
		<transponder frequency="11034000" symbol_rate="27500000" polarization="1" fec_inner="3" system="0" modulation="1" onid="318" tsid="12600"/>
		<transponder frequency="11054000" symbol_rate="27500000" polarization="0" fec_inner="4" system="0" modulation="1" onid="318" tsid="12700"/>
		<transponder frequency="11075000" symbol_rate="30000000" polarization="1" fec_inner="3" system="1" modulation="2" onid="318" tsid="12800"/>
		<transponder frequency="11096000" symbol_rate="30000000" polarization="0" fec_inner="3" system="1" modulation="2" onid="318" tsid="12900"/>
		<transponder frequency="11117000" symbol_rate="27500000" polarization="1" fec_inner="3" system="1" modulation="2" onid="318" tsid="13000"/>
		<transponder frequency="11137000" symbol_rate="27500000" polarization="0" fec_inner="3" system="0" modulation="1" onid="318" tsid="13100"/>
		<transponder frequency="11158000" symbol_rate="27500000" polarization="1" fec_inner="3" system="1" modulation="2" onid="113" tsid="13200"/>
		<transponder frequency="11179000" symbol_rate="27500000" polarization="0" fec_inner="3" system="1" modulation="2" onid="318" tsid="13300"/>
		<transponder frequency="11219000" symbol_rate="29900000" polarization="0" fec_inner="7" system="1" modulation="2" onid="85" tsid="94"/>
		<transponder frequency="11240000" symbol_rate="27500000" polarization="1" fec_inner="3" system="0" modulation="1" onid="318" tsid="200"/>
		<transponder frequency="11258000" symbol_rate="27500000" polarization="0" fec_inner="3" system="1" modulation="2" onid="318" tsid="300"/>
		<transponder frequency="11278000" symbol_rate="27500000" polarization="1" fec_inner="3" system="1" modulation="2" onid="318" tsid="400"/>
		<transponder frequency="11296000" symbol_rate="27500000" polarization="0" fec_inner="4" system="0" modulation="1" onid="318" tsid="500"/>
		<transponder frequency="11334000" symbol_rate="27500000" polarization="0" fec_inner="3" system="0" modulation="1" onid="318" tsid="700"/>
		<transponder frequency="11373000" symbol_rate="27500000" polarization="0" fec_inner="3" system="1" modulation="2" onid="318" tsid="900"/>
		<transponder frequency="11393000" symbol_rate="27500000" polarization="1" fec_inner="3" system="1" modulation="2" onid="318" tsid="1000"/>
		<transponder frequency="11411000" symbol_rate="27500000" polarization="0" fec_inner="3" system="1" modulation="2" onid="318" tsid="1100"/>
		<transponder frequency="11432000" symbol_rate="29900000" polarization="1" fec_inner="3" system="1" modulation="2" onid="272" tsid="1200"/>
		<transponder frequency="11449000" symbol_rate="27500000" polarization="0" fec_inner="3" system="1" modulation="2" onid="318" tsid="1300"/>
		<transponder frequency="11470000" symbol_rate="27500000" polarization="1" fec_inner="3" system="1" modulation="2" onid="319" tsid="1400"/>
		<transponder frequency="11488000" symbol_rate="27500000" polarization="0" fec_inner="3" system="1" modulation="2" onid="318" tsid="1500"/>
		<transponder frequency="11508000" symbol_rate="27500000" polarization="1" fec_inner="3" system="1" modulation="2" onid="318" tsid="1600"/>
		<transponder frequency="11526000" symbol_rate="29700000" polarization="0" fec_inner="2" system="1" modulation="2" onid="318" tsid="1700"/>
		<transponder frequency="11566000" symbol_rate="29900000" polarization="0" fec_inner="3" system="1" modulation="2" onid="318" tsid="15300"/>
		<transponder frequency="11585000" symbol_rate="27500000" polarization="1" fec_inner="3" system="1" modulation="2" onid="318" tsid="15400"/>
		<transponder frequency="11585000" symbol_rate="27500000" polarization="1" fec_inner="4" system="1" modulation="2" onid="318" tsid="15400"/>
		<transponder frequency="11642000" symbol_rate="27500000" polarization="0" fec_inner="3" system="1" modulation="2" onid="318" tsid="15700"/>
		<transponder frequency="11662000" symbol_rate="27500000" polarization="1" fec_inner="3" system="1" modulation="2" onid="318" tsid="15800"/>
		<transponder frequency="11681000" symbol_rate="27500000" polarization="0" fec_inner="3" system="1" modulation="2" onid="319" tsid="15900"/>
		<transponder frequency="11727000" symbol_rate="29900000" polarization="1" fec_inner="3" system="1" modulation="2" onid="318" tsid="5000"/>
		<transponder frequency="11747000" symbol_rate="27500000" polarization="0" fec_inner="3" system="1" modulation="2" onid="318" tsid="5103"/>
		<transponder frequency="11766000" symbol_rate="29900000" polarization="1" fec_inner="3" system="1" modulation="2" onid="318" tsid="5200"/>
		<transponder frequency="11785000" symbol_rate="29900000" polarization="0" fec_inner="4" system="1" modulation="1" onid="64511" tsid="5300"/>
		<transponder frequency="11804000" symbol_rate="29700000" polarization="1" fec_inner="3" system="1" modulation="2" onid="318" tsid="5400"/>
		<transponder frequency="11823000" symbol_rate="27500000" polarization="0" fec_inner="3" system="1" modulation="2" onid="318" tsid="5500"/>
		<transponder frequency="11843000" symbol_rate="29900000" polarization="1" fec_inner="4" system="1" modulation="1" onid="64511" tsid="5600"/>
		<transponder frequency="11862000" symbol_rate="29900000" polarization="0" fec_inner="4" system="1" modulation="1" onid="64511" tsid="5700"/>
		<transponder frequency="11881000" symbol_rate="27500000" polarization="1" fec_inner="3" system="0" modulation="1" onid="64511" tsid="5800"/>
		<transponder frequency="11900000" symbol_rate="29900000" polarization="0" fec_inner="4" system="1" modulation="1" onid="64511" tsid="5900"/>
		<transponder frequency="11919000" symbol_rate="29900000" polarization="1" fec_inner="4" system="0" modulation="1" onid="272" tsid="6000"/>
		<transponder frequency="11938000" symbol_rate="27500000" polarization="0" fec_inner="3" system="1" modulation="2" onid="318" tsid="6100"/>
		<transponder frequency="11958000" symbol_rate="27500000" polarization="1" fec_inner="3" system="0" modulation="1" onid="64511" tsid="6200"/>
		<transponder frequency="11977000" symbol_rate="29900000" polarization="0" fec_inner="4" system="1" modulation="1" onid="64511" tsid="6300"/>
		<transponder frequency="11996000" symbol_rate="29900000" polarization="1" fec_inner="4" system="1" modulation="1" onid="64511" tsid="6400"/>
		<transponder frequency="12015000" symbol_rate="27500000" polarization="0" fec_inner="3" system="1" modulation="2" onid="318" tsid="6500"/>
		<transponder frequency="12034000" symbol_rate="29900000" polarization="1" fec_inner="4" system="1" modulation="1" onid="64511" tsid="6600"/>
		<transponder frequency="12054000" symbol_rate="29900000" polarization="0" fec_inner="4" system="1" modulation="1" onid="64511" tsid="6700"/>
		<transponder frequency="12092000" symbol_rate="29900000" polarization="0" fec_inner="3" system="1" modulation="2" onid="64511" tsid="6900"/>
		<transponder frequency="12111000" symbol_rate="27500000" polarization="1" fec_inner="3" system="0" modulation="1" onid="318" tsid="7000"/>
		<transponder frequency="12130000" symbol_rate="27500000" polarization="0" fec_inner="3" system="1" modulation="2" onid="318" tsid="7100"/>
		<transponder frequency="12149000" symbol_rate="27500000" polarization="1" fec_inner="3" system="0" modulation="1" onid="318" tsid="7200"/>
		<transponder frequency="12169000" symbol_rate="27500000" polarization="0" fec_inner="3" system="1" modulation="2" onid="318" tsid="7300"/>
		<transponder frequency="12188000" symbol_rate="27500000" polarization="1" fec_inner="3" system="1" modulation="2" onid="113" tsid="7400"/>
		<transponder frequency="12206000" symbol_rate="29900000" polarization="0" fec_inner="4" system="1" modulation="1" onid="64511" tsid="7500"/>
		<transponder frequency="12226000" symbol_rate="27500000" polarization="1" fec_inner="3" system="0" modulation="1" onid="1" tsid="101"/>
		<transponder frequency="12245000" symbol_rate="29900000" polarization="0" fec_inner="4" system="1" modulation="1" onid="64511" tsid="7700"/>
		<transponder frequency="12265000" symbol_rate="27500000" polarization="1" fec_inner="3" system="1" modulation="2" onid="113" tsid="7800"/>
		<transponder frequency="12284000" symbol_rate="27500000" polarization="0" fec_inner="3" system="1" modulation="2" onid="113" tsid="7900"/>
		<transponder frequency="12303000" symbol_rate="27500000" polarization="1" fec_inner="3" system="1" modulation="2" onid="318" tsid="8000"/>
		<transponder frequency="12322000" symbol_rate="27500000" polarization="0" fec_inner="3" system="0" modulation="1" onid="318" tsid="8100"/>
		<transponder frequency="12341000" symbol_rate="29900000" polarization="1" fec_inner="4" system="1" modulation="1" onid="64511" tsid="8200"/>
		<transponder frequency="12360000" symbol_rate="29900000" polarization="0" fec_inner="4" system="1" modulation="1" onid="64511" tsid="8300"/>
		<transponder frequency="12380000" symbol_rate="30000000" polarization="1" fec_inner="4" system="1" modulation="2" onid="318" tsid="8400"/>
		<transponder frequency="12399000" symbol_rate="29700000" polarization="0" fec_inner="2" system="1" modulation="2" onid="318" tsid="8500"/>
		<transponder frequency="12418000" symbol_rate="29900000" polarization="1" fec_inner="4" system="1" modulation="1" onid="64511" tsid="8600"/>
		<transponder frequency="12466000" symbol_rate="29900000" polarization="1" fec_inner="4" system="1" modulation="1" onid="64511" tsid="8800"/>
		<transponder frequency="12476000" symbol_rate="29900000" polarization="0" fec_inner="3" system="1" modulation="2" onid="318" tsid="8900"/>
		<transponder frequency="12520000" symbol_rate="27500000" polarization="1" fec_inner="4" system="1" modulation="1" onid="318" tsid="9000"/>
		<transponder frequency="12539000" symbol_rate="30000000" polarization="0" fec_inner="4" system="1" modulation="2" onid="318" tsid="9100"/>
		<transponder frequency="12558000" symbol_rate="27500000" polarization="1" fec_inner="4" system="1" modulation="2" onid="318" tsid="9200"/>
		<transponder frequency="12577000" symbol_rate="27500000" polarization="0" fec_inner="3" system="1" modulation="2" onid="318" tsid="9300"/>
		<transponder frequency="12597000" symbol_rate="27500000" polarization="1" fec_inner="3" system="0" modulation="1" onid="318" tsid="9400"/>
		<transponder frequency="12692000" symbol_rate="27500000" polarization="0" fec_inner="3" system="1" modulation="2" onid="319" tsid="9900"/>
	</sat>
</satellites>
