<?xml version="1.0" encoding="iso-8859-1"?>
<!-- File generated by Morpheus883's xml generator -->
<satellites>
	<sat name="Hot Bird 13B/13C/13E (13.0E)" flags="1" position="130">
		<transponder frequency="10719000" symbol_rate="27500000" polarization="1" fec_inner="3" system="1" modulation="2" onid="318" tsid="11000"/>
		<transponder frequency="10727000" symbol_rate="30000000" polarization="0" fec_inner="3" system="1" modulation="2" onid="318" tsid="11100"/>
		<transponder frequency="10758000" symbol_rate="27500000" polarization="1" fec_inner="3" system="1" modulation="2" onid="318" tsid="11200"/>
		<transponder frequency="10775000" symbol_rate="29900000" polarization="0" fec_inner="7" system="1" modulation="2" onid="318" tsid="11300"/>
		<transponder frequency="10796000" symbol_rate="27500000" polarization="1" fec_inner="3" system="1" modulation="2" onid="318" tsid="11400"/>
		<transponder frequency="10815000" symbol_rate="27500000" polarization="0" fec_inner="4" system="0" modulation="1" onid="318" tsid="11500"/>
		<transponder frequency="10834000" symbol_rate="27500000" polarization="1" fec_inner="3" system="1" modulation="2" onid="318" tsid="11600"/>
		<transponder frequency="10853000" symbol_rate="29900000" polarization="0" fec_inner="2" system="1" modulation="2" onid="85" tsid="96"/>
		<transponder frequency="10873000" symbol_rate="27500000" polarization="1" fec_inner="3" system="1" modulation="2" onid="176" tsid="11800"/>
		<transponder frequency="10892000" symbol_rate="27500000" polarization="0" fec_inner="3" system="1" modulation="2" onid="318" tsid="11900"/>
		<transponder frequency="10911000" symbol_rate="27500000" polarization="1" fec_inner="3" system="1" modulation="2" onid="318" tsid="12000"/>
		<transponder frequency="10930000" symbol_rate="30000000" polarization="0" fec_inner="2" system="1" modulation="2" onid="318" tsid="12100"/>
		<transponder frequency="10949000" symbol_rate="27500000" polarization="1" fec_inner="3" system="1" modulation="2" onid="318" tsid="6500"/>
		<transponder frequency="10971000" symbol_rate="29700000" polarization="0" fec_inner="2" system="1" modulation="2" onid="318" tsid="12300"/>
		<transponder frequency="10992000" symbol_rate="27500000" polarization="1" fec_inner="2" system="0" modulation="1" onid="318" tsid="12400"/>
		<transponder frequency="11013000" symbol_rate="29900000" polarization="0" fec_inner="3" system="1" modulation="2" onid="318" tsid="12500"/>
		<transponder frequency="11034000" symbol_rate="27500000" polarization="1" fec_inner="3" system="0" modulation="1" onid="318" tsid="12600"/>
		<transponder frequency="11054000" symbol_rate="27500000" polarization="0" fec_inner="4" system="0" modulation="1" onid="318" tsid="12700"/>
		<transponder frequency="11075000" symbol_rate="30000000" polarization="1" fec_inner="3" system="1" modulation="2" onid="318" tsid="12800"/>
		<transponder frequency="11096000" symbol_rate="30000000" polarization="0" fec_inner="3" system="1" modulation="2" onid="318" tsid="12900"/>
		<transponder frequency="11117000" symbol_rate="27500000" polarization="1" fec_inner="3" system="1" modulation="2" onid="318" tsid="13000"/>
		<transponder frequency="11137000" symbol_rate="27500000" polarization="0" fec_inner="3" system="0" modulation="1" onid="318" tsid="13100"/>
		<transponder frequency="11158000" symbol_rate="27500000" polarization="1" fec_inner="3" system="1" modulation="2" onid="113" tsid="13200"/>
		<transponder frequency="11179000" symbol_rate="27500000" polarization="0" fec_inner="3" system="1" modulation="2" onid="318" tsid="13300"/>
		<transponder frequency="11219000" symbol_rate="29900000" polarization="0" fec_inner="7" system="1" modulation="2" onid="85" tsid="94"/>
		<transponder frequency="11240000" symbol_rate="27500000" polarization="1" fec_inner="3" system="0" modulation="1" onid="318" tsid="200"/>
		<transponder frequency="11258000" symbol_rate="27500000" polarization="0" fec_inner="3" system="1" modulation="2" onid="318" tsid="300"/>
		<transponder frequency="11278000" symbol_rate="27500000" polarization="1" fec_inner="3" system="1" modulation="2" onid="318" tsid="400"/>
		<transponder frequency="11296000" symbol_rate="27500000" polarization="0" fec_inner="4" system="0" modulation="1" onid="318" tsid="500"/>
		<transponder frequency="11334000" symbol_rate="27500000" polarization="0" fec_inner="3" system="0" modulation="1" onid="318" tsid="700"/>
		<transponder frequency="11373000" symbol_rate="27500000" polarization="0" fec_inner="3" system="1" modulation="2" onid="318" tsid="900"/>
		<transponder frequency="11393000" symbol_rate="27500000" polarization="1" fec_inner="3" system="1" modulation="2" onid="318" tsid="1000"/>
		<transponder frequency="11411000" symbol_rate="27500000" polarization="0" fec_inner="3" system="1" modulation="2" onid="318" tsid="1100"/>
		<transponder frequency="11432000" symbol_rate="29900000" polarization="1" fec_inner="3" system="1" modulation="2" onid="272" tsid="1200"/>
		<transponder frequency="11449000" symbol_rate="27500000" polarization="0" fec_inner="3" system="1" modulation="2" onid="318" tsid="1300"/>
		<transponder frequency="11470000" symbol_rate="27500000" polarization="1" fec_inner="3" system="1" modulation="2" onid="319" tsid="1400"/>
		<transponder frequency="11488000" symbol_rate="27500000" polarization="0" fec_inner="3" system="1" modulation="2" onid="318" tsid="1500"/>
		<transponder frequency="11508000" symbol_rate="27500000" polarization="1" fec_inner="3" system="1" modulation="2" onid="318" tsid="1600"/>
		<transponder frequency="11526000" symbol_rate="29700000" polarization="0" fec_inner="2" system="1" modulation="2" onid="318" tsid="1700"/>
		<transponder frequency="11566000" symbol_rate="29900000" polarization="0" fec_inner="3" system="1" modulation="2" onid="318" tsid="15300"/>
		<transponder frequency="11585000" symbol_rate="27500000" polarization="1" fec_inner="4" system="1" modulation="2" onid="318" tsid="15400"/>
		<transponder frequency="11642000" symbol_rate="27500000" polarization="0" fec_inner="3" system="1" modulation="2" onid="318" tsid="15700"/>
		<transponder frequency="11662000" symbol_rate="27500000" polarization="1" fec_inner="3" system="1" modulation="2" onid="318" tsid="15800"/>
		<transponder frequency="11681000" symbol_rate="27500000" polarization="0" fec_inner="3" system="1" modulation="2" onid="319" tsid="15900"/>
		<transponder frequency="11727000" symbol_rate="29900000" polarization="1" fec_inner="3" system="1" modulation="2" onid="318" tsid="5000"/>
		<transponder frequency="11747000" symbol_rate="27500000" polarization="0" fec_inner="3" system="1" modulation="2" onid="318" tsid="5103"/>
		<transponder frequency="11766000" symbol_rate="29900000" polarization="1" fec_inner="3" system="1" modulation="2" onid="318" tsid="5200"/>
		<transponder frequency="11785000" symbol_rate="29900000" polarization="0" fec_inner="4" system="1" modulation="1" onid="64511" tsid="5300"/>
		<transponder frequency="11804000" symbol_rate="29700000" polarization="1" fec_inner="3" system="1" modulation="2" onid="318" tsid="5400"/>
		<transponder frequency="11823000" symbol_rate="27500000" polarization="0" fec_inner="3" system="1" modulation="2" onid="318" tsid="5500"/>
		<transponder frequency="11843000" symbol_rate="29900000" polarization="1" fec_inner="4" system="1" modulation="1" onid="64511" tsid="5600"/>
		<transponder frequency="11862000" symbol_rate="29900000" polarization="0" fec_inner="4" system="1" modulation="1" onid="64511" tsid="5700"/>
		<transponder frequency="11881000" symbol_rate="27500000" polarization="1" fec_inner="3" system="0" modulation="1" onid="64511" tsid="5800"/>
		<transponder frequency="11900000" symbol_rate="29900000" polarization="0" fec_inner="4" system="1" modulation="1" onid="64511" tsid="5900"/>
		<transponder frequency="11919000" symbol_rate="29900000" polarization="1" fec_inner="3" system="1" modulation="2" onid="272" tsid="6000"/>
		<transponder frequency="11938000" symbol_rate="27500000" polarization="0" fec_inner="3" system="1" modulation="2" onid="318" tsid="6100"/>
		<transponder frequency="11958000" symbol_rate="27500000" polarization="1" fec_inner="3" system="0" modulation="1" onid="64511" tsid="6200"/>
		<transponder frequency="11977000" symbol_rate="29900000" polarization="0" fec_inner="4" system="1" modulation="1" onid="64511" tsid="6300"/>
		<transponder frequency="11996000" symbol_rate="29900000" polarization="1" fec_inner="4" system="1" modulation="1" onid="64511" tsid="6400"/>
		<transponder frequency="12015000" symbol_rate="27500000" polarization="0" fec_inner="3" system="1" modulation="2" onid="318" tsid="6500"/>
		<transponder frequency="12034000" symbol_rate="29900000" polarization="1" fec_inner="4" system="1" modulation="1" onid="64511" tsid="6600"/>
		<transponder frequency="12054000" symbol_rate="29900000" polarization="0" fec_inner="4" system="1" modulation="1" onid="64511" tsid="6700"/>
		<transponder frequency="12092000" symbol_rate="29900000" polarization="0" fec_inner="3" system="1" modulation="2" onid="64511" tsid="6900"/>
		<transponder frequency="12111000" symbol_rate="27500000" polarization="1" fec_inner="3" system="0" modulation="1" onid="318" tsid="7000"/>
		<transponder frequency="12130000" symbol_rate="27500000" polarization="0" fec_inner="3" system="1" modulation="2" onid="318" tsid="7100"/>
		<transponder frequency="12149000" symbol_rate="27500000" polarization="1" fec_inner="3" system="0" modulation="1" onid="318" tsid="7200"/>
		<transponder frequency="12169000" symbol_rate="27500000" polarization="0" fec_inner="3" system="1" modulation="2" onid="318" tsid="7300"/>
		<transponder frequency="12188000" symbol_rate="27500000" polarization="1" fec_inner="3" system="1" modulation="2" onid="113" tsid="7400"/>
		<transponder frequency="12206000" symbol_rate="29900000" polarization="0" fec_inner="4" system="1" modulation="1" onid="64511" tsid="7500"/>
		<transponder frequency="12226000" symbol_rate="27500000" polarization="1" fec_inner="3" system="0" modulation="1" onid="1" tsid="101"/>
		<transponder frequency="12245000" symbol_rate="29900000" polarization="0" fec_inner="4" system="1" modulation="1" onid="64511" tsid="7700"/>
		<transponder frequency="12265000" symbol_rate="27500000" polarization="1" fec_inner="3" system="1" modulation="2" onid="113" tsid="7800"/>
		<transponder frequency="12284000" symbol_rate="27500000" polarization="0" fec_inner="3" system="1" modulation="2" onid="113" tsid="7900"/>
		<transponder frequency="12303000" symbol_rate="27500000" polarization="1" fec_inner="3" system="1" modulation="2" onid="318" tsid="8000"/>
		<transponder frequency="12322000" symbol_rate="27500000" polarization="0" fec_inner="3" system="0" modulation="1" onid="318" tsid="8100"/>
		<transponder frequency="12341000" symbol_rate="29900000" polarization="1" fec_inner="4" system="1" modulation="1" onid="64511" tsid="8200"/>
		<transponder frequency="12360000" symbol_rate="29900000" polarization="0" fec_inner="4" system="1" modulation="1" onid="64511" tsid="8300"/>
		<transponder frequency="12380000" symbol_rate="30000000" polarization="1" fec_inner="4" system="1" modulation="2" onid="318" tsid="8400"/>
		<transponder frequency="12399000" symbol_rate="29700000" polarization="0" fec_inner="2" system="1" modulation="2" onid="318" tsid="8500"/>
		<transponder frequency="12418000" symbol_rate="29900000" polarization="1" fec_inner="4" system="1" modulation="1" onid="64511" tsid="8600"/>
		<transponder frequency="12466000" symbol_rate="29900000" polarization="1" fec_inner="4" system="1" modulation="1" onid="64511" tsid="8800"/>
		<transponder frequency="12476000" symbol_rate="29900000" polarization="0" fec_inner="3" system="1" modulation="2" onid="318" tsid="8900"/>
		<transponder frequency="12520000" symbol_rate="27500000" polarization="1" fec_inner="4" system="1" modulation="1" onid="318" tsid="9000"/>
		<transponder frequency="12558000" symbol_rate="27500000" polarization="1" fec_inner="4" system="1" modulation="2" onid="318" tsid="9200"/>
		<transponder frequency="12577000" symbol_rate="27500000" polarization="0" fec_inner="3" system="1" modulation="2" onid="318" tsid="9300"/>
		<transponder frequency="12597000" symbol_rate="27500000" polarization="1" fec_inner="3" system="0" modulation="1" onid="318" tsid="9400"/>
		<transponder frequency="12692000" symbol_rate="27500000" polarization="0" fec_inner="3" system="1" modulation="2" onid="319" tsid="9900"/>
	</sat>
	<sat name="Astra 2E/2F/2G (28.2E)" flags="1" position="282">
		<transponder frequency="10714000" symbol_rate="22000000" polarization="0" fec_inner="4" system="0" modulation="1" onid="2" tsid="2041"/>
		<transponder frequency="10773000" symbol_rate="22000000" polarization="0" fec_inner="4" system="0" modulation="1" onid="2" tsid="2045"/>
		<transponder frequency="10788000" symbol_rate="22000000" polarization="1" fec_inner="4" system="0" modulation="1" onid="2" tsid="2046"/>
		<transponder frequency="10803000" symbol_rate="22000000" polarization="0" fec_inner="4" system="0" modulation="1" onid="2" tsid="2047"/>
		<transponder frequency="10818000" symbol_rate="22000000" polarization="1" fec_inner="4" system="0" modulation="1" onid="2" tsid="2048"/>
		<transponder frequency="10847000" symbol_rate="23000000" polarization="1" fec_inner="3" system="1" modulation="2" onid="2" tsid="2050"/>
		<transponder frequency="10891000" symbol_rate="22000000" polarization="0" fec_inner="4" system="0" modulation="1" onid="2" tsid="2053"/>
		<transponder frequency="10906000" symbol_rate="22000000" polarization="1" fec_inner="4" system="0" modulation="1" onid="2" tsid="2054"/>
		<transponder frequency="10936000" symbol_rate="22000000" polarization="1" fec_inner="4" system="0" modulation="1" onid="2" tsid="2056"/>
		<transponder frequency="10964000" symbol_rate="22000000" polarization="0" fec_inner="4" system="0" modulation="1" onid="2" tsid="2057"/>
		<transponder frequency="11024000" symbol_rate="23000000" polarization="0" fec_inner="3" system="1" modulation="2" onid="2" tsid="2061"/>
		<transponder frequency="11038000" symbol_rate="22000000" polarization="1" fec_inner="4" system="0" modulation="1" onid="2" tsid="2062"/>
		<transponder frequency="11052000" symbol_rate="23000000" polarization="0" fec_inner="3" system="1" modulation="2" onid="2" tsid="2063"/>
		<transponder frequency="11068000" symbol_rate="23000000" polarization="1" fec_inner="3" system="1" modulation="2" onid="2" tsid="2064"/>
		<transponder frequency="11082000" symbol_rate="22000000" polarization="0" fec_inner="4" system="0" modulation="1" onid="2" tsid="2065"/>
		<transponder frequency="11097000" symbol_rate="23000000" polarization="1" fec_inner="3" system="1" modulation="2" onid="2" tsid="2066"/>
		<transponder frequency="11112000" symbol_rate="22000000" polarization="0" fec_inner="4" system="0" modulation="1" onid="2" tsid="2067"/>
		<transponder frequency="11127000" symbol_rate="22000000" polarization="1" fec_inner="4" system="0" modulation="1" onid="2" tsid="2068"/>
		<transponder frequency="11141000" symbol_rate="22000000" polarization="0" fec_inner="4" system="0" modulation="1" onid="2" tsid="2069"/>
		<transponder frequency="11171000" symbol_rate="22000000" polarization="0" fec_inner="4" system="0" modulation="1" onid="2" tsid="2071"/>
		<transponder frequency="11225000" symbol_rate="23000000" polarization="1" fec_inner="2" system="1" modulation="2" onid="2" tsid="2106"/>
		<transponder frequency="11264000" symbol_rate="27500000" polarization="0" fec_inner="2" system="0" modulation="1" onid="2" tsid="2107"/>
		<transponder frequency="11265000" symbol_rate="27500000" polarization="1" fec_inner="2" system="0" modulation="1" onid="2" tsid="2108"/>
		<transponder frequency="11306000" symbol_rate="27500000" polarization="0" fec_inner="2" system="0" modulation="1" onid="9018" tsid="8210"/>
		<transponder frequency="11307000" symbol_rate="27500000" polarization="1" fec_inner="4" system="0" modulation="1" onid="2" tsid="2110"/>
		<transponder frequency="11344000" symbol_rate="27500000" polarization="0" fec_inner="4" system="0" modulation="1" onid="2" tsid="2111"/>
		<transponder frequency="11344000" symbol_rate="27500000" polarization="1" fec_inner="4" system="0" modulation="1" onid="2" tsid="2112"/>
		<transponder frequency="11386000" symbol_rate="29500000" polarization="0" fec_inner="6" system="1" modulation="1" onid="2" tsid="2113"/>
		<transponder frequency="11386000" symbol_rate="29500000" polarization="1" fec_inner="6" system="1" modulation="1" onid="2" tsid="2114"/>
		<transponder frequency="11426000" symbol_rate="27500000" polarization="0" fec_inner="2" system="0" modulation="1" onid="59" tsid="2315"/>
		<transponder frequency="11426000" symbol_rate="29500000" polarization="1" fec_inner="6" system="1" modulation="1" onid="2" tsid="2116"/>
		<transponder frequency="11464000" symbol_rate="22000000" polarization="0" fec_inner="4" system="0" modulation="1" onid="2" tsid="2089"/>
		<transponder frequency="11479000" symbol_rate="22000000" polarization="1" fec_inner="4" system="0" modulation="1" onid="2" tsid="2090"/>
		<transponder frequency="11494000" symbol_rate="22000000" polarization="0" fec_inner="4" system="0" modulation="1" onid="2" tsid="2091"/>
		<transponder frequency="11509000" symbol_rate="23000000" polarization="1" fec_inner="2" system="1" modulation="2" onid="2" tsid="2092"/>
		<transponder frequency="11538000" symbol_rate="22000000" polarization="1" fec_inner="4" system="0" modulation="1" onid="2" tsid="2094"/>
		<transponder frequency="11553000" symbol_rate="22000000" polarization="0" fec_inner="4" system="0" modulation="1" onid="2" tsid="2095"/>
		<transponder frequency="11567000" symbol_rate="22000000" polarization="1" fec_inner="4" system="0" modulation="1" onid="2" tsid="2096"/>
		<transponder frequency="11582000" symbol_rate="22000000" polarization="0" fec_inner="4" system="0" modulation="1" onid="2" tsid="2097"/>
		<transponder frequency="11597000" symbol_rate="22000000" polarization="1" fec_inner="4" system="0" modulation="1" onid="2" tsid="2098"/>
		<transponder frequency="11608000" symbol_rate="15480000" polarization="0" fec_inner="4" system="1" modulation="1" onid="65535" tsid="1"/>
		<transponder frequency="11626000" symbol_rate="22000000" polarization="1" fec_inner="4" system="0" modulation="1" onid="2" tsid="2100"/>
		<transponder frequency="11641000" symbol_rate="23000000" polarization="0" fec_inner="2" system="1" modulation="2" onid="2" tsid="2101"/>
		<transponder frequency="11656000" symbol_rate="22000000" polarization="1" fec_inner="4" system="0" modulation="1" onid="2" tsid="2102"/>
		<transponder frequency="11671000" symbol_rate="23000000" polarization="0" fec_inner="2" system="1" modulation="2" onid="2" tsid="2103"/>
		<transponder frequency="11685000" symbol_rate="23000000" polarization="1" fec_inner="2" system="1" modulation="2" onid="2" tsid="2104"/>
		<transponder frequency="11758000" symbol_rate="27500000" polarization="0" fec_inner="2" system="1" modulation="2" onid="2" tsid="2003"/>
		<transponder frequency="11778000" symbol_rate="27500000" polarization="1" fec_inner="2" system="0" modulation="1" onid="2" tsid="2004"/>
		<transponder frequency="11836000" symbol_rate="27500000" polarization="0" fec_inner="4" system="0" modulation="1" onid="2" tsid="2007"/>
		<transponder frequency="11856000" symbol_rate="27500000" polarization="1" fec_inner="2" system="1" modulation="2" onid="2" tsid="2008"/>
		<transponder frequency="11914000" symbol_rate="27500000" polarization="0" fec_inner="4" system="0" modulation="1" onid="2" tsid="2011"/>
		<transponder frequency="11934000" symbol_rate="27500000" polarization="1" fec_inner="4" system="0" modulation="1" onid="2" tsid="2012"/>
		<transponder frequency="12012000" symbol_rate="27500000" polarization="1" fec_inner="2" system="1" modulation="2" onid="2" tsid="2016"/>
		<transponder frequency="12070000" symbol_rate="27500000" polarization="0" fec_inner="4" system="0" modulation="1" onid="2" tsid="2019"/>
		<transponder frequency="12090000" symbol_rate="27500000" polarization="1" fec_inner="2" system="1" modulation="2" onid="2" tsid="2020"/>
		<transponder frequency="12110000" symbol_rate="27500000" polarization="0" fec_inner="2" system="1" modulation="2" onid="2" tsid="2021"/>
		<transponder frequency="12129000" symbol_rate="27500000" polarization="1" fec_inner="4" system="0" modulation="1" onid="2" tsid="2022"/>
		<transponder frequency="12148000" symbol_rate="27500000" polarization="0" fec_inner="4" system="0" modulation="1" onid="2" tsid="2023"/>
		<transponder frequency="12168000" symbol_rate="27500000" polarization="1" fec_inner="2" system="1" modulation="2" onid="2" tsid="2024"/>
		<transponder frequency="12188000" symbol_rate="27500000" polarization="0" fec_inner="2" system="1" modulation="2" onid="2" tsid="2025"/>
		<transponder frequency="12226000" symbol_rate="27500000" polarization="0" fec_inner="2" system="1" modulation="2" onid="2" tsid="2027"/>
		<transponder frequency="12246000" symbol_rate="27500000" polarization="1" fec_inner="2" system="1" modulation="2" onid="2" tsid="2028"/>
		<transponder frequency="12265000" symbol_rate="27500000" polarization="0" fec_inner="2" system="1" modulation="2" onid="2" tsid="2029"/>
		<transponder frequency="12285000" symbol_rate="27500000" polarization="1" fec_inner="2" system="1" modulation="2" onid="2" tsid="2030"/>
		<transponder frequency="12324000" symbol_rate="27500000" polarization="1" fec_inner="2" system="1" modulation="2" onid="2" tsid="2032"/>
		<transponder frequency="12363000" symbol_rate="27500000" polarization="1" fec_inner="2" system="1" modulation="2" onid="2" tsid="2034"/>
		<transponder frequency="12382000" symbol_rate="27500000" polarization="0" fec_inner="4" system="0" modulation="1" onid="2" tsid="2035"/>
		<transponder frequency="12441000" symbol_rate="29500000" polarization="1" fec_inner="6" system="1" modulation="1" onid="2" tsid="2038"/>
		<transponder frequency="12507000" symbol_rate="7200000" polarization="0" fec_inner="3" system="1" modulation="2" onid="65535" tsid="1"/>
		<transponder frequency="12516000" symbol_rate="7200000" polarization="0" fec_inner="3" system="1" modulation="2" onid="65535" tsid="1"/>
		<transponder frequency="12535000" symbol_rate="7200000" polarization="0" fec_inner="3" system="1" modulation="2" onid="0" tsid="0"/>
		<transponder frequency="12571000" symbol_rate="7200000" polarization="1" fec_inner="3" system="1" modulation="2" onid="0" tsid="0"/>
		<transponder frequency="12582000" symbol_rate="7200000" polarization="1" fec_inner="3" system="1" modulation="2" onid="65535" tsid="1"/>
		<transponder frequency="12625000" symbol_rate="7200000" polarization="0" fec_inner="3" system="1" modulation="2" onid="0" tsid="0"/>
		<transponder frequency="12632000" symbol_rate="7200000" polarization="1" fec_inner="3" system="1" modulation="2" onid="0" tsid="0"/>
		<transponder frequency="12702000" symbol_rate="7200000" polarization="1" fec_inner="3" system="1" modulation="2" onid="1" tsid="0"/>
	</sat>
</satellites>
