<?xml version="1.0" encoding="iso-8859-1"?>
<!-- File generated by Morpheus883's xml generator -->
<satellites>
	<sat name="Eutelsat 9B (9.0E)" flags="1" position="90">
		<transponder frequency="11727000" symbol_rate="30000000" polarization="1" fec_inner="3" system="1" modulation="2" onid="158" tsid="50010"/>
		<transponder frequency="11759000" symbol_rate="14325000" polarization="1" fec_inner="4" system="0" modulation="1" onid="1234" tsid="1"/>
		<transponder frequency="11785000" symbol_rate="27500000" polarization="0" fec_inner="2" system="1" modulation="2" onid="156" tsid="5300"/>
		<transponder frequency="11804000" symbol_rate="27500000" polarization="1" fec_inner="2" system="1" modulation="2" onid="18" tsid="101"/>
		<transponder frequency="11823000" symbol_rate="27500000" polarization="0" fec_inner="3" system="0" modulation="1" onid="100" tsid="1"/>
		<transponder frequency="11843000" symbol_rate="27500000" polarization="1" fec_inner="7" system="1" modulation="2" onid="170" tsid="1"/>
		<transponder frequency="11861000" symbol_rate="27500000" polarization="0" fec_inner="2" system="1" modulation="2" onid="156" tsid="5700"/>
		<transponder frequency="11881000" symbol_rate="30000000" polarization="1" fec_inner="3" system="1" modulation="2" onid="158" tsid="50090"/>
		<transponder frequency="11900000" symbol_rate="27500000" polarization="0" fec_inner="2" system="1" modulation="2" onid="158" tsid="5900"/>
		<transponder frequency="11919000" symbol_rate="30000000" polarization="1" fec_inner="3" system="1" modulation="2" onid="158" tsid="50110"/>
		<transponder frequency="11938000" symbol_rate="27500000" polarization="0" fec_inner="2" system="1" modulation="2" onid="170" tsid="9"/>
		<transponder frequency="11958000" symbol_rate="27500000" polarization="1" fec_inner="2" system="1" modulation="2" onid="158" tsid="6200"/>
		<transponder frequency="11977000" symbol_rate="27500000" polarization="0" fec_inner="2" system="1" modulation="2" onid="156" tsid="8500"/>
		<transponder frequency="11996000" symbol_rate="27500000" polarization="1" fec_inner="3" system="0" modulation="1" onid="1" tsid="1"/>
		<transponder frequency="12015000" symbol_rate="27500000" polarization="0" fec_inner="2" system="1" modulation="2" onid="156" tsid="6500"/>
		<transponder frequency="12034000" symbol_rate="27500000" polarization="1" fec_inner="3" system="1" modulation="2" onid="158" tsid="6600"/>
		<transponder frequency="12054000" symbol_rate="27500000" polarization="0" fec_inner="2" system="1" modulation="2" onid="170" tsid="2"/>
		<transponder frequency="12092000" symbol_rate="27500000" polarization="0" fec_inner="3" system="1" modulation="2" onid="158" tsid="6900"/>
		<transponder frequency="12111000" symbol_rate="31400000" polarization="1" fec_inner="2" system="1" modulation="2" onid="8572" tsid="263" is_id="1" pls_code="8" pls_mode="0"/>
		<transponder frequency="12130000" symbol_rate="27500000" polarization="0" fec_inner="2" system="1" modulation="2" onid="156" tsid="7100"/>
		<transponder frequency="12149000" symbol_rate="31400000" polarization="1" fec_inner="2" system="1" modulation="2" onid="272" tsid="930" is_id="1" pls_code="262140" pls_mode="1"/>
		<transponder frequency="12169000" symbol_rate="27500000" polarization="0" fec_inner="2" system="1" modulation="2" onid="170" tsid="8"/>
		<transponder frequency="12207000" symbol_rate="27500000" polarization="0" fec_inner="2" system="1" modulation="2" onid="170" tsid="4"/>
		<transponder frequency="12226000" symbol_rate="31400000" polarization="1" fec_inner="2" system="1" modulation="2" onid="8572" tsid="26849" is_id="19" pls_code="262140" pls_mode="1"/>
		<transponder frequency="12245000" symbol_rate="27500000" polarization="0" fec_inner="2" system="1" modulation="2" onid="156" tsid="7900"/>
		<transponder frequency="12284000" symbol_rate="27500000" polarization="0" fec_inner="2" system="1" modulation="2" onid="170" tsid="5"/>
		<transponder frequency="12303000" symbol_rate="31400000" polarization="1" fec_inner="2" system="1" modulation="2" onid="8572" tsid="32995" is_id="22" pls_code="262140" pls_mode="1"/>
		<transponder frequency="12322000" symbol_rate="27500000" polarization="0" fec_inner="2" system="1" modulation="2" onid="156" tsid="8100"/>
		<transponder frequency="12341000" symbol_rate="31400000" polarization="1" fec_inner="4" system="1" modulation="2" onid="8572" tsid="31000" is_id="36" pls_code="0" pls_mode="1"/>
		<transponder frequency="12360000" symbol_rate="27500000" polarization="0" fec_inner="2" system="1" modulation="2" onid="156" tsid="8300"/>
		<transponder frequency="12380000" symbol_rate="31400000" polarization="1" fec_inner="2" system="1" modulation="2" onid="8572" tsid="39137" is_id="25" pls_code="262140" pls_mode="1"/>
		<transponder frequency="12399000" symbol_rate="27500000" polarization="0" fec_inner="2" system="1" modulation="2" onid="170" tsid="6"/>
		<transponder frequency="12437000" symbol_rate="27500000" polarization="0" fec_inner="2" system="1" modulation="2" onid="156" tsid="8700"/>
		<transponder frequency="12466000" symbol_rate="41950000" polarization="1" fec_inner="2" system="1" modulation="2" onid="8572" tsid="24801" is_id="23" pls_code="262140" pls_mode="1"/>
		<transponder frequency="12466000" symbol_rate="41950000" polarization="1" fec_inner="4" system="1" modulation="2" onid="8572" tsid="24801" is_id="23" pls_code="262140" pls_mode="1"/>
		<transponder frequency="12475000" symbol_rate="27500000" polarization="0" fec_inner="2" system="1" modulation="2" onid="170" tsid="7"/>
	</sat>
	<sat name="Hot Bird 13B/13E/13G (13.0E)" flags="1" position="130">
		<transponder frequency="10719000" symbol_rate="27500000" polarization="1" fec_inner="3" system="1" modulation="2" onid="318" tsid="11000"/>
		<transponder frequency="10727000" symbol_rate="30000000" polarization="0" fec_inner="3" system="1" modulation="2" onid="318" tsid="11100"/>
		<transponder frequency="10758000" symbol_rate="27500000" polarization="1" fec_inner="3" system="1" modulation="2" onid="318" tsid="11200"/>
		<transponder frequency="10796000" symbol_rate="27500000" polarization="1" fec_inner="3" system="1" modulation="2" onid="318" tsid="11400"/>
		<transponder frequency="10815000" symbol_rate="27500000" polarization="0" fec_inner="4" system="0" modulation="1" onid="318" tsid="11500"/>
		<transponder frequency="10873000" symbol_rate="27500000" polarization="1" fec_inner="3" system="1" modulation="2" onid="176" tsid="11800"/>
		<transponder frequency="10911000" symbol_rate="27500000" polarization="1" fec_inner="3" system="1" modulation="2" onid="318" tsid="12000"/>
		<transponder frequency="10930000" symbol_rate="30000000" polarization="0" fec_inner="2" system="1" modulation="2" onid="318" tsid="12100"/>
		<transponder frequency="10971000" symbol_rate="29700000" polarization="0" fec_inner="2" system="1" modulation="2" onid="318" tsid="12300"/>
		<transponder frequency="10992000" symbol_rate="27500000" polarization="1" fec_inner="2" system="0" modulation="1" onid="318" tsid="12400"/>
		<transponder frequency="11013000" symbol_rate="29900000" polarization="0" fec_inner="3" system="1" modulation="2" onid="318" tsid="12500"/>
		<transponder frequency="11034000" symbol_rate="27500000" polarization="1" fec_inner="3" system="0" modulation="1" onid="318" tsid="12600"/>
		<transponder frequency="11054000" symbol_rate="27500000" polarization="0" fec_inner="4" system="0" modulation="1" onid="318" tsid="12700"/>
		<transponder frequency="11075000" symbol_rate="30000000" polarization="1" fec_inner="3" system="1" modulation="2" onid="318" tsid="12800"/>
		<transponder frequency="11096000" symbol_rate="30000000" polarization="0" fec_inner="3" system="1" modulation="2" onid="318" tsid="12900"/>
		<transponder frequency="11117000" symbol_rate="27500000" polarization="1" fec_inner="3" system="1" modulation="2" onid="318" tsid="13000"/>
		<transponder frequency="11137000" symbol_rate="27500000" polarization="0" fec_inner="3" system="0" modulation="1" onid="318" tsid="13100"/>
		<transponder frequency="11158000" symbol_rate="27500000" polarization="1" fec_inner="3" system="1" modulation="2" onid="113" tsid="13200"/>
		<transponder frequency="11179000" symbol_rate="27500000" polarization="0" fec_inner="3" system="1" modulation="2" onid="318" tsid="13300"/>
		<transponder frequency="11240000" symbol_rate="27500000" polarization="1" fec_inner="3" system="0" modulation="1" onid="318" tsid="200"/>
		<transponder frequency="11258000" symbol_rate="27500000" polarization="0" fec_inner="3" system="1" modulation="2" onid="318" tsid="300"/>
		<transponder frequency="11278000" symbol_rate="27500000" polarization="1" fec_inner="3" system="1" modulation="2" onid="318" tsid="400"/>
		<transponder frequency="11296000" symbol_rate="27500000" polarization="0" fec_inner="4" system="0" modulation="1" onid="318" tsid="500"/>
		<transponder frequency="11334000" symbol_rate="27500000" polarization="0" fec_inner="3" system="1" modulation="2" onid="318" tsid="700"/>
		<transponder frequency="11373000" symbol_rate="27500000" polarization="0" fec_inner="3" system="1" modulation="2" onid="318" tsid="900"/>
		<transponder frequency="11393000" symbol_rate="27500000" polarization="1" fec_inner="3" system="1" modulation="2" onid="318" tsid="1000"/>
		<transponder frequency="11411000" symbol_rate="27500000" polarization="0" fec_inner="3" system="1" modulation="2" onid="318" tsid="1100"/>
		<transponder frequency="11432000" symbol_rate="29900000" polarization="1" fec_inner="3" system="1" modulation="2" onid="272" tsid="1200"/>
		<transponder frequency="11449000" symbol_rate="27500000" polarization="0" fec_inner="3" system="1" modulation="2" onid="318" tsid="1300"/>
		<transponder frequency="11470000" symbol_rate="27500000" polarization="1" fec_inner="3" system="1" modulation="2" onid="318" tsid="1400"/>
		<transponder frequency="11488000" symbol_rate="27500000" polarization="0" fec_inner="3" system="1" modulation="2" onid="318" tsid="1500"/>
		<transponder frequency="11508000" symbol_rate="27500000" polarization="1" fec_inner="3" system="1" modulation="2" onid="318" tsid="1600"/>
		<transponder frequency="11526000" symbol_rate="29700000" polarization="0" fec_inner="2" system="1" modulation="2" onid="318" tsid="1700"/>
		<transponder frequency="11566000" symbol_rate="29900000" polarization="0" fec_inner="3" system="1" modulation="2" onid="318" tsid="15300"/>
		<transponder frequency="11585000" symbol_rate="27500000" polarization="1" fec_inner="4" system="1" modulation="2" onid="318" tsid="15400"/>
		<transponder frequency="11642000" symbol_rate="27500000" polarization="0" fec_inner="3" system="1" modulation="2" onid="318" tsid="15700"/>
		<transponder frequency="11662000" symbol_rate="27500000" polarization="1" fec_inner="3" system="1" modulation="2" onid="318" tsid="15800"/>
		<transponder frequency="11681000" symbol_rate="27500000" polarization="0" fec_inner="3" system="1" modulation="2" onid="319" tsid="15900"/>
		<transponder frequency="11727000" symbol_rate="29900000" polarization="1" fec_inner="3" system="1" modulation="2" onid="318" tsid="5000"/>
		<transponder frequency="11747000" symbol_rate="27500000" polarization="0" fec_inner="3" system="1" modulation="2" onid="318" tsid="5103"/>
		<transponder frequency="11766000" symbol_rate="29900000" polarization="1" fec_inner="3" system="1" modulation="2" onid="318" tsid="5200"/>
		<transponder frequency="11785000" symbol_rate="29900000" polarization="0" fec_inner="4" system="1" modulation="1" onid="64511" tsid="5300"/>
		<transponder frequency="11804000" symbol_rate="29700000" polarization="1" fec_inner="3" system="1" modulation="2" onid="318" tsid="5400"/>
		<transponder frequency="11823000" symbol_rate="27500000" polarization="0" fec_inner="3" system="1" modulation="2" onid="318" tsid="5500"/>
		<transponder frequency="11843000" symbol_rate="29900000" polarization="1" fec_inner="4" system="1" modulation="1" onid="64511" tsid="5600"/>
		<transponder frequency="11862000" symbol_rate="29900000" polarization="0" fec_inner="4" system="1" modulation="1" onid="64511" tsid="5700"/>
		<transponder frequency="11881000" symbol_rate="27500000" polarization="1" fec_inner="3" system="0" modulation="1" onid="64511" tsid="5800"/>
		<transponder frequency="11900000" symbol_rate="29900000" polarization="0" fec_inner="4" system="1" modulation="1" onid="64511" tsid="5900"/>
		<transponder frequency="11919000" symbol_rate="29900000" polarization="1" fec_inner="2" system="1" modulation="1" onid="190" tsid="6000"/>
		<transponder frequency="11938000" symbol_rate="27500000" polarization="0" fec_inner="3" system="1" modulation="2" onid="318" tsid="6100"/>
		<transponder frequency="11958000" symbol_rate="27500000" polarization="1" fec_inner="3" system="0" modulation="1" onid="64511" tsid="6200"/>
		<transponder frequency="11977000" symbol_rate="29900000" polarization="0" fec_inner="4" system="1" modulation="1" onid="64511" tsid="6300"/>
		<transponder frequency="11996000" symbol_rate="29900000" polarization="1" fec_inner="4" system="1" modulation="1" onid="64511" tsid="6400"/>
		<transponder frequency="12015000" symbol_rate="27500000" polarization="0" fec_inner="3" system="1" modulation="2" onid="318" tsid="6500"/>
		<transponder frequency="12034000" symbol_rate="29900000" polarization="1" fec_inner="4" system="1" modulation="1" onid="64511" tsid="6600"/>
		<transponder frequency="12054000" symbol_rate="29900000" polarization="0" fec_inner="4" system="1" modulation="1" onid="64511" tsid="6700"/>
		<transponder frequency="12092000" symbol_rate="29900000" polarization="0" fec_inner="3" system="1" modulation="2" onid="64511" tsid="6900"/>
		<transponder frequency="12111000" symbol_rate="27500000" polarization="1" fec_inner="3" system="0" modulation="1" onid="318" tsid="7000"/>
		<transponder frequency="12130000" symbol_rate="27500000" polarization="0" fec_inner="3" system="1" modulation="2" onid="318" tsid="7100"/>
		<transponder frequency="12149000" symbol_rate="27500000" polarization="1" fec_inner="3" system="0" modulation="1" onid="318" tsid="7200"/>
		<transponder frequency="12169000" symbol_rate="27500000" polarization="0" fec_inner="3" system="1" modulation="2" onid="318" tsid="7300"/>
		<transponder frequency="12188000" symbol_rate="27500000" polarization="1" fec_inner="3" system="1" modulation="2" onid="113" tsid="7400"/>
		<transponder frequency="12206000" symbol_rate="29900000" polarization="0" fec_inner="4" system="1" modulation="1" onid="64511" tsid="7500"/>
		<transponder frequency="12226000" symbol_rate="27500000" polarization="1" fec_inner="3" system="0" modulation="1" onid="1" tsid="101"/>
		<transponder frequency="12245000" symbol_rate="29900000" polarization="0" fec_inner="4" system="1" modulation="1" onid="64511" tsid="7700"/>
		<transponder frequency="12265000" symbol_rate="27500000" polarization="1" fec_inner="3" system="1" modulation="2" onid="113" tsid="7800"/>
		<transponder frequency="12284000" symbol_rate="27500000" polarization="0" fec_inner="3" system="1" modulation="2" onid="113" tsid="7900"/>
		<transponder frequency="12303000" symbol_rate="27500000" polarization="1" fec_inner="3" system="1" modulation="2" onid="318" tsid="8000"/>
		<transponder frequency="12322000" symbol_rate="27500000" polarization="0" fec_inner="3" system="0" modulation="1" onid="318" tsid="8100"/>
		<transponder frequency="12341000" symbol_rate="29900000" polarization="1" fec_inner="4" system="1" modulation="1" onid="64511" tsid="8200"/>
		<transponder frequency="12360000" symbol_rate="29900000" polarization="0" fec_inner="4" system="1" modulation="1" onid="64511" tsid="8300"/>
		<transponder frequency="12380000" symbol_rate="30000000" polarization="1" fec_inner="4" system="1" modulation="2" onid="318" tsid="8400"/>
		<transponder frequency="12399000" symbol_rate="29700000" polarization="0" fec_inner="2" system="1" modulation="2" onid="318" tsid="8500"/>
		<transponder frequency="12418000" symbol_rate="29900000" polarization="1" fec_inner="4" system="1" modulation="1" onid="64511" tsid="8600"/>
		<transponder frequency="12466000" symbol_rate="29900000" polarization="1" fec_inner="4" system="1" modulation="1" onid="64511" tsid="8800"/>
		<transponder frequency="12476000" symbol_rate="29900000" polarization="0" fec_inner="3" system="1" modulation="2" onid="318" tsid="8900"/>
		<transponder frequency="12520000" symbol_rate="27500000" polarization="1" fec_inner="4" system="1" modulation="1" onid="318" tsid="9000"/>
		<transponder frequency="12558000" symbol_rate="27500000" polarization="1" fec_inner="4" system="1" modulation="2" onid="318" tsid="9200"/>
		<transponder frequency="12577000" symbol_rate="27500000" polarization="0" fec_inner="3" system="1" modulation="2" onid="318" tsid="9300"/>
		<transponder frequency="12597000" symbol_rate="27500000" polarization="1" fec_inner="3" system="0" modulation="1" onid="318" tsid="9400"/>
		<transponder frequency="12692000" symbol_rate="27500000" polarization="0" fec_inner="3" system="1" modulation="2" onid="319" tsid="9900"/>
	</sat>
</satellites>
